farm_id,region,crop_type,soil_moisture,soil_pH,temperature,rainfall,humidity,sunlight_hours,irrigation_amount,fertilizer_type,pesticide_usage_ml,sowing_date,harvest_date,total_days,yield_kg_per_hectare,sensor_id,timestamp,latitude,longitude,NDVI_index,crop_disease_status,day_of_week,month,season,soil_moisture_lag_1,soil_moisture_lag_3,soil_moisture_lag_7,soil_moisture_roll_mean_7,soil_moisture_roll_std_7,soil_moisture_roll_mean_14,soil_moisture_roll_std_14,temperature_lag_1,temperature_lag_3,temperature_lag_7,temperature_roll_mean_7,temperature_roll_std_7,temperature_roll_mean_14,temperature_roll_std_14,humidity_lag_1,humidity_lag_3,humidity_lag_7,humidity_roll_mean_7,humidity_roll_std_7,humidity_roll_mean_14,humidity_roll_std_14,rainfall_lag_1,rainfall_lag_3,rainfall_lag_7,rainfall_roll_mean_7,rainfall_roll_std_7,rainfall_roll_mean_14,rainfall_roll_std_14,crop_type_encoded,predicted_irrigation_amount
FARM0359,East Africa,Cotton,0.419586444572085,0.9045226130653266,0.2036290322580645,0.2733630772941035,0.024713682941531,0.7896494156928213,0.0,Mixed,0.5509022053909557,2024-03-28,2024-06-28,0.0333333333333332,0.9639874909742296,SENS0359,2024-05-29,0.7827751755915217,0.0544026901823961,0.8999999999999999,Moderate,0.3333333333333333,0.5714285714285714,0.5,0.4580700746697301,0.4259046524985641,0.2234348075818496,0.6031277747543894,0.3493352051374834,0.6519276211439482,0.4410243361155209,0.2671370967741935,0.4153225806451612,0.4783266129032257,0.3733715788215606,0.507434649049652,0.6091525984773254,0.7449172022361884,0.2463331324090819,0.2407072533654811,0.7850110508338356,0.2020359824623294,0.565206718403252,0.4036265192746961,0.7629321668810026,0.8932834921017729,0.056031190964267,0.517665501024961,0.576727694567363,0.7213040050483691,0.6160143598548407,0.6822485629261978,0.0,0.0004232
FARM0187,East Africa,Maize,0.4106835152211373,0.8693467336683418,0.1522177419354838,0.9965030748824312,0.3395619851316055,0.986644407345576,0.0,Organic,0.3161060369792826,2024-03-06,2024-07-23,0.8166666666666664,0.0753988321219303,SENS0187,2024-05-30,0.6314366876019527,0.176070755482208,0.6333333333333333,,0.5,0.5714285714285714,0.5,0.419586444572085,0.4210224009190121,0.8604250430786905,0.5134190702603615,0.200343541473961,0.6118538180170263,0.4172193052521856,0.2036290322580645,0.2777217741935485,0.3765120967741935,0.3201864467551092,0.5533619719291489,0.533680900364117,0.7911432279750343,0.024713682941531,0.7538677918424753,0.3928069117942535,0.1886811470039815,0.5591060247787465,0.4357745128450974,0.7373538985018575,0.2733630772941035,0.6832268177981432,0.9458177579484708,0.588524758866509,0.7442204325577528,0.6637062473172828,0.731259628438826,0.25,0.0004337
FARM0327,South India,Maize,0.2352096496266514,0.1105527638190957,0.4823588709677417,0.9430443345793644,0.578259995981515,0.9582637729549248,0.0,Mixed,0.7616395633771442,2024-02-12,2024-07-08,0.9500000000000002,0.2631298226546205,SENS0327,2024-05-30,0.2772274555988625,0.0624559630840968,0.35,Severe,0.5,0.5714285714285714,0.5,0.4106835152211373,0.4580700746697301,0.6803561171740381,0.4246269297969237,0.1423116949127167,0.619784417181886,0.404089201328607,0.1522177419354838,0.2671370967741935,0.3256048387096775,0.35735628062627,0.5662778468499433,0.4828699106256207,0.7580613350080909,0.3395619851316055,0.2463331324090819,0.0377737592927466,0.3242453258075894,0.5436490019444288,0.4272299145540166,0.7287450929619003,0.9965030748824312,0.8932834921017729,0.6315366373246514,0.6610285243846536,0.8060185882989138,0.7079876692550828,0.7651180598518122,0.25,0.000397
FARM0423,South India,Soybean,0.9686961516369904,0.8844221105527637,0.2106854838709677,0.081112584910969,0.4681535061281897,0.662771285475793,0.0,Organic,0.5087992871463578,2024-03-25,2024-07-25,0.5333333333333332,0.3707170046770471,SENS0423,2024-05-30,0.4645195667359884,0.3212738109782358,0.3666666666666666,Severe,0.5,0.5714285714285714,0.5,0.2352096496266514,0.419586444572085,0.352383687535899,0.5475610803998511,0.4353487224786592,0.621435276599877,0.4089389623972813,0.4823588709677417,0.2036290322580645,0.8064516129032258,0.2160870084857173,0.3036195165267905,0.3532770605759681,0.6612459321414675,0.578259995981515,0.024713682941531,0.3709061683745228,0.3486367988711387,0.5509548595017446,0.475874904825019,0.7010317410558874,0.9430443345793644,0.2733630772941035,0.5496603561236385,0.5519735057207811,0.9332647494569531,0.5408046201272099,0.8005662878272319,0.75,0.0004296
FARM0158,South USA,Wheat,0.5792647903503734,0.5025125628140703,0.6421370967741933,0.3955946782426948,0.5899136025718305,0.0601001669449081,0.0,Organic,0.2913789262642013,2024-02-26,2024-06-20,0.4166666666666667,0.6992525278446585,SENS0158,2024-05-30,0.3263783482017744,0.4523928643673001,0.2333333333333333,Mild,0.5,0.5714285714285714,0.5,0.9686961516369904,0.4106835152211373,0.4259046524985641,0.5781514049208031,0.4384430681123701,0.6323762664681318,0.4121384301221375,0.2106854838709677,0.1522177419354838,0.4153225806451612,0.2698697263057248,0.4491946162833322,0.4125289639192315,0.6690250961797527,0.4681535061281897,0.3395619851316055,0.2407072533654811,0.4362243612357004,0.5572419700561161,0.4265813146837369,0.6061882128100261,0.081112584910969,0.9965030748824312,0.056031190964267,0.6310072877978501,0.8151053940535093,0.5595114527646621,0.7885880325869563,1.0,0.0004103
FARM0085,Central USA,Wheat,0.0758184951177484,0.6582914572864325,0.3089717741935482,0.6048876562562805,0.4235483222824995,0.6894824707846412,0.0,Inorganic,0.0414346179550011,2024-02-20,2024-06-16,0.4499999999999999,0.2703730819451886,SENS0085,2024-05-31,0.948596420876438,0.0741443469518143,0.6333333333333333,Moderate,0.6666666666666666,0.5714285714285714,0.5,0.5792647903503734,0.2352096496266514,0.4210224009190121,0.509294532122705,0.5351119749384496,0.5982261353704721,0.4600368768631186,0.6421370967741933,0.4823588709677417,0.2777217741935485,0.2772797896498149,0.4470807214056482,0.3536080767957625,0.6530480848090311,0.5899136025718305,0.578259995981515,0.7538677918424753,0.3533739857884395,0.4537667271505363,0.4601393079721383,0.5859082254420485,0.3955946782426948,0.9430443345793644,0.6832268177981432,0.6127737601856096,0.8118280078246017,0.5844382877433956,0.7871663236731289,1.0,0.000404
FARM0164,South USA,Maize,0.1760482481332567,0.316582914572864,0.220766129032258,0.8994332569637045,0.7775768535262207,0.0567612687813021,0.0,Mixed,0.3570951214078859,2024-03-08,2024-06-16,0.1666666666666667,0.0948441780951159,SENS0164,2024-05-31,0.2412022073813619,0.5334385145514591,0.7833333333333332,,0.6666666666666666,0.5714285714285714,0.5,0.0758184951177484,0.9686961516369904,0.4580700746697301,0.4530404147452239,0.5697489505067276,0.5746932962159712,0.4817836145873217,0.3089717741935482,0.2106854838709677,0.2671370967741935,0.2662842117843909,0.4555136308445361,0.2283184376034421,0.4984256191372152,0.4235483222824995,0.4681535061281897,0.2463331324090819,0.4866199667389008,0.5391408244742577,0.4920617015876596,0.6306890984371566,0.6048876562562805,0.081112584910969,0.8932834921017729,0.6142051248468066,0.8137343807362106,0.6982089202793931,0.7951953022826244,0.25,0.0004036
FARM0409,East Africa,Maize,0.3842619184376795,0.8391959798994972,0.818548387096774,0.9879014429840428,0.120755475185855,0.3689482470784639,0.0,Inorganic,0.0082423702383604,2024-03-01,2024-07-17,0.7999999999999998,0.2769949153778999,SENS0409,2024-05-31,0.1915159484088104,0.8164276472720648,0.6333333333333333,Mild,0.6666666666666666,0.5714285714285714,0.5,0.1760482481332567,0.5792647903503734,0.419586444572085,0.4459943287600607,0.5699316151350478,0.5928203800213641,0.4675354788534286,0.220766129032258,0.6421370967741933,0.2036290322580645,0.412095135651966,0.6363953620236469,0.2841774246938096,0.5927945975790158,0.7775768535262207,0.5899136025718305,0.024713682941531,0.5107090661694305,0.4752010508614139,0.3988325202334959,0.6061932837806144,0.8994332569637045,0.3955946782426948,0.2733630772941035,0.780514729958556,0.7990789096670317,0.7895110625512161,0.8319786731517549,0.25,0.0003762
FARM0225,North India,Rice,0.446869615163699,0.9949748743718594,0.8744959677419355,0.1707062180955826,0.8296162346795258,0.6010016694490818,0.0,Mixed,0.6600579193584317,2024-02-06,2024-06-21,0.7666666666666666,0.6840213045917584,SENS0225,2024-06-01,0.5969059170875558,0.0679373699421388,0.3833333333333333,Mild,0.8333333333333333,0.7142857142857142,1.0,0.3842619184376795,0.0758184951177484,0.4106835152211373,0.4532122705009594,0.5707705438618089,0.5462078788074969,0.4131553155314398,0.818548387096774,0.3089717741935482,0.1522177419354838,0.5833632126210109,0.7019197730845449,0.3659384309831184,0.6872444662862809,0.120755475185855,0.4235483222824995,0.3395619851316055,0.6336239479917356,0.5405072616989341,0.4601393079721383,0.6779095334521472,0.9879014429840428,0.6048876562562805,0.9965030748824312,0.5883095864011003,0.8488096545263962,0.6390135404066026,0.8555268690327715,0.5,0.0003362
FARM0041,South USA,Wheat,0.466398621481907,0.3015075376884426,0.4057459677419355,0.2728807427951285,0.5378742214185251,0.4373956594323873,0.0,Inorganic,0.7351303185564714,2024-03-09,2024-06-08,0.0166666666666666,0.085980682964629,SENS0041,2024-06-03,0.8365488679155241,0.575006509151867,0.95,Moderate,0.0,0.7142857142857142,1.0,0.446869615163699,0.1760482481332567,0.2352096496266514,0.4993268982900353,0.5520903700717852,0.5220923833878224,0.3909176011807856,0.8744959677419355,0.220766129032258,0.4823588709677417,0.5651966057129196,0.708756480337227,0.37909632571996,0.6828580240183302,0.8296162346795258,0.7775768535262207,0.578259995981515,0.6234944312855923,0.539227673772587,0.5303290939341809,0.6227859313797244,0.1707062180955826,0.8994332569637045,0.9430443345793644,0.4323282596289679,0.798825548595004,0.5693760486986383,0.8793046254531878,1.0,0.0003073
FARM0460,East Africa,Maize,0.1234922458357266,0.3115577889447234,0.3830645161290322,0.7398207323445477,0.3076150291340164,0.5893155258764609,0.0,Inorganic,0.9810648251280912,2024-02-25,2024-06-17,0.3833333333333333,0.7966604020902047,SENS0460,2024-06-05,0.1262523377237753,0.6636748768768892,0.5833333333333333,,0.3333333333333333,0.7142857142857142,1.0,0.466398621481907,0.3842619184376795,0.9686961516369904,0.3307364019133274,0.3708077464424088,0.4962936587576472,0.4176675359681702,0.4057459677419355,0.818548387096774,0.2106854838709677,0.6060714712561248,0.6509635537073197,0.3095829195630584,0.6182864576705863,0.5378742214185251,0.120755475185855,0.4681535061281897,0.5832283424885356,0.5730831445145196,0.5214460957107812,0.62823965225089,0.2728807427951285,0.9879014429840428,0.081112584910969,0.5856433188949492,0.7069310749626788,0.6062980450306321,0.8877030258195618,0.25,0.0003188
FARM0070,South India,Wheat,0.1427340608845491,0.1909547738693464,0.6073588709677418,0.7632139555448373,0.6540084388185655,0.1752921535893155,0.0,Inorganic,0.7551793272443753,2024-03-15,2024-07-26,0.7166666666666668,0.9241030208341195,SENS0070,2024-06-05,0.8648628706207017,0.6270980498581005,0.1499999999999999,,0.3333333333333333,0.7142857142857142,1.0,0.1234922458357266,0.446869615163699,0.5792647903503734,0.2436628190072466,0.3168266343217997,0.464377043343152,0.4370386253797179,0.3830645161290322,0.8744959677419355,0.6421370967741933,0.5978247878570575,0.6449105037179288,0.3411122144985103,0.6356369872754062,0.3076150291340164,0.8296162346795258,0.5899136025718305,0.599304540644056,0.5831199314578752,0.5794534841093033,0.6239776023469026,0.7398207323445477,0.1707062180955826,0.3955946782426948,0.6712071175309429,0.6942919007644671,0.7436063526749137,0.8120958837792922,1.0,0.000324
FARM0064,Central USA,Soybean,0.2228604250430788,0.4271356783919602,0.565524193548387,0.7704891675710441,0.6200522403054051,0.6744574290484142,0.0,Mixed,0.9302740031187348,2024-03-09,2024-06-08,0.0166666666666666,0.17563457140485,SENS0064,2024-06-06,0.7629329092894314,0.9218325465604642,0.35,Mild,0.5,0.7142857142857142,1.0,0.1427340608845491,0.466398621481907,0.0758184951177484,0.272992867986137,0.2810415682471863,0.4420418865115074,0.4433257383997955,0.6073588709677418,0.4057459677419355,0.3089717741935482,0.658659017569021,0.6016674824227496,0.3883647798742138,0.6338754215447662,0.6540084388185655,0.5378742214185251,0.4235483222824995,0.6485914428261859,0.5790935845414701,0.5606722878655424,0.6004811797333552,0.7632139555448373,0.2728807427951285,0.6048876562562805,0.709751054812847,0.7026681837712435,0.7605494205330314,0.8174047444800252,0.75,0.0003316
FARM0364,South USA,Maize,0.8793796668581276,0.7638190954773871,0.4097782258064515,0.0333614695124402,0.8657825999598151,0.8230383973288813,0.0,Inorganic,0.7375807529516596,2024-02-23,2024-06-19,0.4499999999999999,0.8764066993229728,SENS0364,2024-06-06,0.1003169759663258,0.1595666507108997,0.2666666666666666,,0.5,0.7142857142857142,1.0,0.2228604250430788,0.1234922458357266,0.1760482481332567,0.4132844499183685,0.4963020366898493,0.4895283721231347,0.5140976260282948,0.565524193548387,0.3830645161290322,0.220766129032258,0.7034779490856939,0.5099075966710223,0.4117841774246944,0.6202944230877993,0.6200522403054051,0.3076150291340164,0.7775768535262207,0.670715113642091,0.613007793291708,0.6476128704774258,0.6345164866652658,0.7704891675710441,0.7398207323445477,0.8994332569637045,0.5081718760232388,0.8268234766647022,0.5935848909353416,0.883275697858374,0.25,0.0003417
FARM0370,North India,Soybean,0.054566341183228,0.3316582914572863,0.2368951612903225,0.9119739539370556,0.9967852119750854,0.9398998330550918,0.0,Organic,0.2530630429939853,2024-03-13,2024-06-30,0.3166666666666666,0.9778123293909272,SENS0370,2024-06-06,0.3710685883911817,0.9684183461947496,0.5666666666666667,Mild,0.5,0.7142857142857142,1.0,0.8793796668581276,0.1427340608845491,0.3842619184376795,0.3475209807235127,0.5488109100404226,0.4483863658433951,0.5420143736383558,0.4097782258064515,0.6073588709677418,0.818548387096774,0.5655551571650532,0.5236252307335418,0.4172459450513073,0.6132710238502153,0.8657825999598151,0.6540084388185655,0.120755475185855,0.890439953636043,0.525339727653502,0.7840444431911116,0.6082884694418919,0.0333614695124402,0.7632139555448373,0.9879014429840428,0.4904996678859772,0.7934000607806903,0.7175791157763298,0.884423370297376,0.75,0.000311
FARM0272,South USA,Maize,0.4408385985066055,0.9346733668341712,0.9012096774193548,0.9370955424253388,0.2704440425959412,0.7779632721202003,0.0,Organic,0.1840053464023167,2024-03-20,2024-07-05,0.2833333333333332,0.6035277867930652,SENS0272,2024-06-06,0.2309514547776364,0.2315069988403699,0.6833333333333331,Moderate,0.5,0.7142857142857142,1.0,0.054566341183228,0.2228604250430788,0.446869615163699,0.3463179904333628,0.5480773426317781,0.4517851940569062,0.5428763523852255,0.2368951612903225,0.565524193548387,0.8744959677419355,0.571889566152743,0.5444380268283882,0.540218470705065,0.6460461040584811,0.9967852119750854,0.6200522403054051,0.8296162346795258,0.7501889835206372,0.6082275848494256,0.7743436451312711,0.6234260227162219,0.9119739539370556,0.7704891675710441,0.1707062180955826,0.6688776417097795,0.7734880783205215,0.7060444062902411,0.8726969176719401,0.25,0.0003355
FARM0394,South India,Maize,0.725732337736933,0.9849246231155776,0.1113911290322581,0.0595683106234173,0.3701024713682942,0.6260434056761268,0.0,Organic,0.0467810202717754,2024-03-04,2024-06-30,0.4666666666666665,0.2939268830838825,SENS0394,2024-06-06,0.0050482662489218,0.3384551178957617,0.2333333333333333,Mild,0.5,0.7142857142857142,1.0,0.4408385985066055,0.8793796668581276,0.466398621481907,0.3980465729098044,0.6139810915120639,0.5070727996633544,0.565504972723523,0.9012096774193548,0.4097782258064515,0.4057459677419355,0.502091550137445,0.6605120659056108,0.4793114862628265,0.7065456982086895,0.2704440425959412,0.8657825999598151,0.5378742214185251,0.7081086529254648,0.641013580247757,0.7451284509743101,0.6386018442059834,0.9370955424253388,0.0333614695124402,0.2728807427951285,0.6192289341478703,0.8724842966266265,0.5345065750965781,0.9089102318908976,0.25,0.0003753
FARM0060,South USA,Soybean,0.2179781734635267,0.613065326633166,0.7328629032258063,0.912496482977612,0.6574241510950373,0.3005008347245408,0.0,Organic,1.0,2024-02-14,2024-06-26,0.7166666666666668,0.1027214427143478,SENS0060,2024-06-06,0.0733876712315604,0.0799017919194384,0.5999999999999999,,0.5,0.7142857142857142,1.0,0.725732337736933,0.054566341183228,0.1234922458357266,0.4168934207888178,0.5945440822746325,0.4224581620431813,0.4799154294422444,0.1113911290322581,0.2368951612903225,0.3830645161290322,0.585036452730967,0.7010569476261365,0.5650446871896722,0.6959147528181859,0.3701024713682942,0.9967852119750854,0.3076150291340164,0.7958474021065365,0.5786794458547695,0.7716928456614305,0.6380992300106751,0.0595683106234173,0.9119739539370556,0.7398207323445477,0.6594194085563803,0.907240783254124,0.6959300737503418,0.8736526003984301,0.75,0.0003433
FARM0091,East Africa,Maize,0.8457782883400345,0.2462311557788945,0.6401209677419353,0.5528357249085576,0.1211573236889692,0.3021702838063439,0.0,Mixed,0.6413455112497217,2024-03-19,2024-06-26,0.1499999999999999,0.1663609855260609,SENS0091,2024-06-06,0.7211181614272936,0.6049884637800749,0.8499999999999999,,0.5,0.7142857142857142,1.0,0.2179781734635267,0.4408385985066055,0.1427340608845491,0.5571277174691377,0.6363238460589316,0.4524973294921177,0.5313646354870462,0.7328629032258063,0.9012096774193548,0.6073588709677418,0.5928050675271903,0.7066471968865508,0.5647136709698777,0.6957086331359913,0.6574241510950373,0.2704440425959412,0.6540084388185655,0.6621982563120501,0.7252027996544309,0.705902258819548,0.707491903962749,0.912496482977612,0.9370955424253388,0.7632139555448373,0.610453639689029,0.8981335605827818,0.7264603738244821,0.8617019798398543,0.25,0.000363
FARM0405,East Africa,Rice,0.3015508328546813,0.4020100502512562,0.0846774193548387,0.6382089312271395,0.1997187060478199,0.968280467445743,0.0,Mixed,0.9866339942080642,2024-01-18,2024-06-16,1.0,0.4205191296012559,SENS0405,2024-06-08,0.4519828974226506,0.0,0.4666666666666666,Moderate,0.8333333333333333,0.7142857142857142,1.0,0.8457782883400345,0.725732337736933,0.2228604250430788,0.572823876492997,0.6191271068922949,0.4779399864046869,0.5082596398652585,0.6401209677419353,0.1113911290322581,0.565524193548387,0.478785705748775,0.8115055913311967,0.5278881165177096,0.7503006268642144,0.1211573236889692,0.3701024713682942,0.6200522403054051,0.5567706495993552,0.7817256400391067,0.6744874651025068,0.7412076971038243,0.5528357249085576,0.0595683106234173,0.7704891675710441,0.579665266486421,0.8834314156552234,0.7329301127716865,0.8617937572388256,0.5,0.0003664
FARM0400,South USA,Rice,0.9003446295232626,0.3366834170854269,0.0463709677419355,0.6730174042365049,0.4404259594133012,0.2754590984974958,0.0,Organic,0.707730006683003,2024-03-21,2024-08-08,0.8333333333333335,0.7705730955310172,SENS0400,2024-06-08,0.5613846467238559,0.1229534225120523,0.5666666666666667,Mild,0.8333333333333333,0.7142857142857142,1.0,0.3015508328546813,0.2179781734635267,0.8793796668581276,0.5770056998825653,0.6271125484971748,0.559576603113974,0.5555161546663583,0.0846774193548387,0.7328629032258063,0.4097782258064515,0.3926138400860524,0.8985791503959674,0.499255213505462,0.7962502640384699,0.1997187060478199,0.6574241510950373,0.8657825999598151,0.4500831527490805,0.6888603095960948,0.6271678745664246,0.7188495684540875,0.6382089312271395,0.912496482977612,0.0333614695124402,0.7285459019000669,0.6982888038096038,0.6889686658602259,0.8389529742603876,0.5,0.0003893
FARM0132,East Africa,Cotton,0.5324526134405515,0.9246231155778896,0.8765120967741935,0.4196712086498655,0.0323488045007033,0.968280467445743,0.0,Organic,0.7696591668523057,2024-03-22,2024-07-12,0.3666666666666667,0.161467571382207,SENS0132,2024-06-08,0.044167084913302,0.983990640841022,0.6833333333333331,Severe,0.8333333333333333,0.7142857142857142,1.0,0.9003446295232626,0.8457782883400345,0.054566341183228,0.6723283590639589,0.5055227577182969,0.5762794160489431,0.5565243635255069,0.0463709677419355,0.6401209677419353,0.2368951612903225,0.5442811043384728,0.9842142108860548,0.5087719298245617,0.8108974253703759,0.4404259594133012,0.1211573236889692,0.9967852119750854,0.2081842463337198,0.4797941650517884,0.6147598770480247,0.7440250884544914,0.6730174042365049,0.5528357249085576,0.9119739539370556,0.613961886407649,0.6791246982703275,0.5786397159246108,0.7976326294275208,0.0,0.000414
FARM0450,South USA,Rice,0.8294083859850662,0.2512562814070351,0.3044354838709677,0.971703042726798,0.6568213783403657,0.3823038397328882,0.0,Mixed,0.4114502116284251,2024-03-28,2024-07-01,0.0833333333333332,0.1040422871490641,SENS0450,2024-06-09,0.7772274956352349,0.3438752385854511,0.1499999999999999,Mild,1.0,0.7142857142857142,1.0,0.5324526134405515,0.3015508328546813,0.4408385985066055,0.7498353049007532,0.5241922188461206,0.6193959796717703,0.5889728698810496,0.8765120967741935,0.0846774193548387,0.9012096774193548,0.4027727978964981,0.873607236292718,0.41517709367759,0.7621700466557848,0.0323488045007033,0.1997187060478199,0.2704440425959412,0.3050949957163735,0.5671492147560273,0.5905078818984237,0.7138742180051151,0.4196712086498655,0.6382089312271395,0.9370955424253388,0.6220168208736003,0.6941815495831667,0.7341631872634331,0.7885499610206438,0.5,0.0004168
FARM0108,Central USA,Maize,0.6131533601378519,0.2160804020100504,0.1345766129032258,0.1532617870493187,0.7466345187864175,0.6043405676126878,0.0,Mixed,0.5495656048117621,2024-02-25,2024-06-28,0.5666666666666664,0.8011663685332083,SENS0108,2024-06-09,0.2184403687061622,0.2468114168520943,0.75,,1.0,0.7142857142857142,1.0,0.8294083859850662,0.9003446295232626,0.725732337736933,0.7273794861512904,0.5169360622672079,0.6359369436441911,0.5929256921568157,0.3044354838709677,0.0463709677419355,0.1113911290322581,0.40827058682921,0.8656629280688714,0.3706554121151932,0.7958073289755044,0.6568213783403657,0.4404259594133012,0.3701024713682942,0.3995363604293709,0.660998588629,0.6198076760384645,0.7358910751048315,0.971703042726798,0.6730174042365049,0.0595683106234173,0.6438240824765415,0.6339674843621745,0.7109376829125533,0.8175858010374984,0.25,0.0003946
FARM0264,East Africa,Cotton,0.259333716255026,0.3969849246231156,0.4380040322580645,0.7005908597612446,0.7609001406469761,0.4808013355592653,0.0,Inorganic,0.3951882379149031,2024-03-07,2024-07-10,0.5833333333333335,0.6139863588218569,SENS0264,2024-06-09,0.5245546273878894,0.2416538152642613,0.2666666666666666,Severe,1.0,0.7142857142857142,1.0,0.6131533601378519,0.5324526134405515,0.2179781734635267,0.7356285624266033,0.4987455422156878,0.6512478555012462,0.5733736563024561,0.1345766129032258,0.8765120967741935,0.7328629032258063,0.3383530536632007,0.7878368274195338,0.3796756041046008,0.7949275656621839,0.7466345187864175,0.0323488045007033,0.6574241510950373,0.4254900972635187,0.6995630233262331,0.6834268633146272,0.742707987079834,0.1532617870493187,0.4196712086498655,0.912496482977612,0.5945028112750375,0.573238257195658,0.7033207164318889,0.8149726827438442,0.0,0.0004234
FARM0195,Central USA,Cotton,0.9554853532452616,0.2663316582914574,0.7389112903225805,0.3737690421640741,0.3397629093831625,0.1118530884808013,0.0,Inorganic,0.2713299175762976,2024-02-23,2024-07-16,0.8999999999999999,0.4753580746365161,SENS0195,2024-06-09,0.6492666057259701,0.7970291229468631,0.1166666666666666,,1.0,0.7142857142857142,1.0,0.259333716255026,0.8294083859850662,0.8457782883400345,0.7575115286569473,0.5347610551491568,0.7428543683034992,0.5821914931137526,0.4380040322580645,0.3044354838709677,0.6401209677419353,0.3617784152025816,0.829937504310274,0.4012744124462095,0.8165201928387363,0.7609001406469761,0.6568213783403657,0.1211573236889692,0.4803205160510007,0.6411422456142214,0.6393220721355859,0.7468821396935235,0.7005908597612446,0.971703042726798,0.5528357249085576,0.5528248402578329,0.6018595485973296,0.6277051547196317,0.8206592941411083,0.0,0.0004132
FARM0294,East Africa,Cotton,0.3983342906375647,0.4120603015075379,0.626008064516129,0.5499417179147074,0.9736789230460116,0.3823038397328882,0.0,Organic,0.8148808197816887,2024-03-14,2024-08-01,0.8333333333333335,0.9805093679319098,SENS0294,2024-06-09,0.5448521472787599,0.2354843409834224,0.6666666666666665,,1.0,0.7142857142857142,1.0,0.9554853532452616,0.6131533601378519,0.3015508328546813,0.776816658551256,0.5027409782642785,0.7626323115268829,0.5606956185417609,0.7389112903225805,0.1345766129032258,0.0846774193548387,0.4901398350663317,0.7882909991796967,0.4112048990400532,0.8227583704574809,0.3397629093831625,0.7466345187864175,0.1997187060478199,0.6744443884493279,0.7174081450282773,0.688954062209187,0.8097126524138352,0.3737690421640741,0.1532617870493187,0.6382089312271395,0.5322805474735948,0.5970086082981946,0.584883131072697,0.8089547795259473,0.0,0.0004256
FARM0416,Central USA,Wheat,0.4517518667432511,0.3266331658291457,0.1940524193548387,0.1024960810321958,0.5933293148483024,0.0667779632721202,0.0,Mixed,0.125194920917799,2024-03-09,2024-06-29,0.3666666666666667,0.4177566778120778,SENS0416,2024-06-09,0.6212455491564978,0.1851827168999613,0.1333333333333333,,1.0,0.7142857142857142,1.0,0.3983342906375647,0.259333716255026,0.9003446295232626,0.6873370950648755,0.4653346684807516,0.7144336904800439,0.5362245362940888,0.626008064516129,0.4380040322580645,0.0463709677419355,0.5251583602246925,0.716273288814783,0.3757861635220121,0.8431625348550547,0.9736789230460116,0.7609001406469761,0.4404259594133012,0.7127954442372626,0.7065899992536724,0.6507148698570262,0.7741248208028781,0.5499417179147074,0.7005908597612446,0.6730174042365049,0.3994910703426855,0.6874949012306564,0.5983064736410817,0.7879951463836998,1.0,0.0003934
FARM0076,East Africa,Rice,0.5956346927053419,0.1507537688442211,0.1824596774193548,0.6955263475220067,0.6230661040787623,0.9031719532554257,0.0,Organic,0.4107819113388282,2024-03-24,2024-07-07,0.25,0.9698243654285952,SENS0076,2024-06-10,0.2850171323644104,0.7485879646783382,0.4499999999999999,Mild,0.0,0.7142857142857142,1.0,0.4517518667432511,0.9554853532452616,0.5324526134405515,0.6999398504854925,0.4638900780519367,0.7754183795681866,0.4665289198751687,0.1940524193548387,0.7389112903225805,0.8765120967741935,0.3605832436954701,0.5963657309629673,0.3668487255875532,0.8512308596810052,0.5933293148483024,0.3397629093831625,0.0323488045007033,0.8609585244166713,0.4391953297850992,0.5982628803474239,0.6953999686757648,0.1024960810321958,0.3737690421640741,0.4196712086498655,0.4636966629557213,0.7110514199622832,0.5562804854255281,0.7548271458880657,0.5,0.0003645
FARM0309,Central USA,Maize,0.1582423894313613,0.0703517587939699,0.7832661290322578,0.3839784557257125,0.3295157725537473,0.0584307178631052,0.0,Organic,0.4406326576074849,2024-02-07,2024-06-15,0.6499999999999999,0.389203794974753,SENS0309,2024-06-11,0.1083592021679856,0.5403908895907645,0.4333333333333334,,0.1666666666666666,0.7142857142857142,1.0,0.5956346927053419,0.3983342906375647,0.8294083859850662,0.5660642167673932,0.5011569567472798,0.7435665037387109,0.5095375553787165,0.1824596774193548,0.626008064516129,0.3044354838709677,0.4741245368710411,0.7033832850512632,0.3474842767295598,0.8178418243520734,0.6230661040787623,0.9736789230460116,0.6568213783403657,0.778864083051958,0.5290196736834897,0.6065536786892638,0.6874785369133151,0.6955263475220067,0.5499417179147074,0.971703042726798,0.3269031069032941,0.5418529414854719,0.4488859406095136,0.7079803841281518,0.25,0.0003724
FARM0323,South India,Maize,0.4319356691556577,0.2160804020100504,0.934979838709677,0.950158768439246,0.9134016475788628,0.8981636060100169,0.0,Organic,0.0389841835598128,2024-02-24,2024-07-12,0.8166666666666664,0.5014956990789311,SENS0323,2024-06-11,0.5314347978851829,0.4789416920189784,0.7999999999999998,,0.1666666666666666,0.7142857142857142,1.0,0.1582423894313613,0.4517518667432511,0.6131533601378519,0.5299172228109873,0.491190686987372,0.7104522060013594,0.504170013898001,0.7832661290322578,0.1940524193548387,0.1345766129032258,0.6639177722003109,0.744986925004878,0.482704402515723,0.858365623339592,0.3295157725537473,0.5933293148483024,0.7466345187864175,0.8206924356196141,0.5794317915371202,0.6828064634387068,0.7379560937734094,0.3839784557257125,0.1024960810321958,0.1532617870493187,0.5123817720855826,0.6250829294602098,0.6218051274046903,0.682886911839234,0.25,0.0003557
FARM0265,Central USA,Soybean,0.0855829982768524,0.6683417085427137,0.426915322580645,0.3493307608826722,0.3176612417118746,0.5926544240400666,0.0,Inorganic,0.1686344397415905,2024-02-20,2024-07-11,0.8666666666666667,0.990527658482463,SENS0265,2024-06-12,0.6235789490035909,0.4400811040322696,0.9166666666666664,Mild,0.3333333333333333,0.7142857142857142,1.0,0.4319356691556577,0.5956346927053419,0.259333716255026,0.4952596454042907,0.5476246979119073,0.6955297316544198,0.5311423625581047,0.934979838709677,0.1824596774193548,0.4380040322580645,0.6612883948846657,0.7469544886426415,0.4324726911618666,0.8356502497743449,0.9134016475788628,0.6230661040787623,0.7609001406469761,0.7095197298795546,0.6280110700879279,0.6351202729759451,0.7443378624588913,0.950158768439246,0.6955263475220067,0.7005908597612446,0.4306255905548644,0.6186698893781849,0.5124595153548992,0.6525226389100007,0.75,0.000358
FARM0457,South India,Cotton,0.796381390005744,0.2964824120603015,0.6784274193548387,0.5507456087463324,0.8742214185252158,0.1669449081803005,0.0,Organic,0.482290042325685,2024-03-08,2024-06-21,0.25,0.2070580894802917,SENS0457,2024-06-12,0.944898581463288,0.6998919981493983,0.1,,0.3333333333333333,0.7142857142857142,1.0,0.0855829982768524,0.1582423894313613,0.9554853532452616,0.4635236158451006,0.4624981006378065,0.6899621273427636,0.5233862888094534,0.426915322580645,0.7832661290322578,0.7389112903225805,0.6469463367993309,0.7331419276300254,0.438761999337967,0.8408266352840499,0.3176612417118746,0.3295157725537473,0.3397629093831625,0.8435720405180669,0.6165086212183163,0.7408138518372294,0.7277521710125004,0.3493307608826722,0.3839784557257125,0.3737690421640741,0.4718170846937535,0.609684168367326,0.5120536933702737,0.6524990993269904,0.0,0.0003116
FARM0442,South India,Cotton,0.7564618035611718,0.6180904522613067,0.0604838709677418,0.375658185618393,0.2933494072734578,0.1502504173622705,0.0,Mixed,0.0369792826910224,2024-03-20,2024-08-17,1.0,0.4406186080563963,SENS0442,2024-06-12,0.1342192154728727,0.3169832784895567,0.7833333333333332,,0.3333333333333333,0.7142857142857142,1.0,0.796381390005744,0.4319356691556577,0.3983342906375647,0.5349583249792341,0.5217810230818684,0.7412358786780173,0.5211165607825434,0.6784274193548387,0.934979838709677,0.626008064516129,0.5128480937014461,0.8572801727579039,0.4347898047004306,0.8471150230512516,0.8742214185252158,0.9134016475788628,0.9736789230460116,0.6729325202842318,0.5957818199798075,0.7539550492089901,0.7074151966944843,0.5507456087463324,0.950158768439246,0.5499417179147074,0.4312523973019246,0.6184505881029738,0.4610762086861517,0.6564561468078316,0.0,0.0003288
FARM0144,South USA,Maize,0.8497989661114304,0.7939698492462313,0.4007056451612902,0.9721451826841916,0.8239903556359253,0.4941569282136895,0.0,Inorganic,0.33749164624638,2024-03-05,2024-07-09,0.6000000000000001,0.8519144696620901,SENS0144,2024-06-13,0.3438823302193577,0.6825105097767463,0.0499999999999999,,0.5,0.7142857142857142,1.0,0.7564618035611718,0.0855829982768524,0.4517518667432511,0.614355684129121,0.5885703569573731,0.7355387951963226,0.5123351948520571,0.0604838709677418,0.426915322580645,0.1940524193548387,0.5618501254930077,0.8085947245454151,0.4929659053293611,0.7861392997454665,0.2933494072734578,0.3176612417118746,0.5933293148483024,0.7307866754019055,0.6372994087289483,0.8077888384422325,0.7219506262806422,0.375658185618393,0.3493307608826722,0.1024960810321958,0.6336641999794186,0.6044383613893294,0.5191555781012214,0.718650759273734,0.25,0.0003731
FARM0293,Central USA,Cotton,0.4853532452613441,0.0603015075376882,0.1139112903225807,0.4802845773543953,0.8450874020494276,0.2804674457429049,0.0,Mixed,0.5749610158164402,2024-03-04,2024-06-27,0.4166666666666667,0.8168227778993794,SENS0293,2024-06-13,0.1069086844016051,0.5559304381961039,0.0666666666666667,Moderate,0.5,0.7142857142857142,1.0,0.8497989661114304,0.796381390005744,0.5956346927053419,0.5923581473949532,0.585905786712167,0.7302301492247434,0.5133690301579605,0.4007056451612902,0.6784274193548387,0.1824596774193548,0.5455957929962949,0.8390996974831103,0.3677590201919889,0.7648706593000053,0.8239903556359253,0.8742214185252158,0.6230661040787623,0.7864738194829413,0.6728881520348083,0.9218578156284364,0.6121128396836744,0.9721451826841916,0.5507456087463324,0.6955263475220067,0.583566436837526,0.6067842033300246,0.5309244156553634,0.7148931641493251,0.0,0.0003614
FARM0301,East Africa,Wheat,0.5215393452039059,0.608040201005025,0.2469758064516127,0.633064029904739,0.662246333132409,0.667779632721202,0.0,Mixed,0.0516818890621519,2024-02-18,2024-07-06,0.8166666666666664,0.0049236048737901,SENS0301,2024-06-13,0.5129594133678566,0.4688906101979384,0.7333333333333332,Severe,0.5,0.7142857142857142,1.0,0.4853532452613441,0.7564618035611718,0.1582423894313613,0.6648239910635007,0.5076399461395517,0.6955297316544198,0.4896269160860194,0.1139112903225807,0.0604838709677418,0.7832661290322578,0.4184295446396555,0.7912461462037749,0.3583250579278383,0.7713136473165375,0.8450874020494276,0.2933494072734578,0.3295157725537473,0.8699289421962411,0.6026728762817689,0.9226192154761566,0.6121566150036911,0.4802845773543953,0.375658185618393,0.3839784557257125,0.6415413832782928,0.5748090307754129,0.4651734498770825,0.6495095095334664,1.0,0.0003731
FARM0419,South USA,Maize,0.1585295807007467,0.4522613065326633,0.7953629032258063,0.0417219341613409,0.215792646172393,0.0016694490818028,0.0,Mixed,0.2296725328580975,2024-03-07,2024-06-20,0.25,0.4778739687978806,SENS0419,2024-06-13,0.95328455995703,0.330979407046307,0.7333333333333332,Mild,0.5,0.7142857142857142,1.0,0.5215393452039059,0.8497989661114304,0.4319356691556577,0.6102884312433764,0.5822079594966113,0.6442883501116756,0.5206062196213327,0.2469758064516127,0.4007056451612902,0.934979838709677,0.3853232938926736,0.697572290524244,0.4668156239655743,0.7788856026524127,0.662246333132409,0.8239903556359253,0.9134016475788628,0.6949553998891302,0.6610238256112442,0.8481148303770336,0.6734690812828696,0.633064029904739,0.9721451826841916,0.950158768439246,0.4301016923782172,0.6442961606316084,0.4435166035821598,0.6835074662986901,0.25,0.0003712
FARM0375,South USA,Maize,0.5927627800114877,0.0,0.977822580645161,0.6586679528919974,0.9505726341169382,0.323873121869783,0.0,Organic,0.8643350412118512,2024-03-10,2024-06-28,0.3333333333333332,0.7972944074188687,SENS0375,2024-06-13,0.0706185155089696,0.952237996623252,0.3833333333333333,Severe,0.5,0.7142857142857142,1.0,0.1585295807007467,0.4853532452613441,0.0855829982768524,0.7114541861197835,0.4526466061366068,0.681869679215356,0.506310598473189,0.7953629032258063,0.1139112903225807,0.426915322580645,0.5159555396199353,0.9000409831571166,0.5554452168156239,0.859424577726123,0.215792646172393,0.8450874020494276,0.3176612417118746,0.8537015572242102,0.6715581771378583,0.8747356250528746,0.7058318311183819,0.0417219341613409,0.4802845773543953,0.3493307608826722,0.5021002703688804,0.642574049182471,0.4353767510828423,0.6784271789535932,0.25,0.0003772
FARM0124,Central USA,Wheat,0.9244686961516372,0.683417085427136,0.2827620967741935,0.5449977893002131,0.6566204540888084,0.1786310517529216,0.0,Organic,0.9627979505457788,2024-03-05,2024-07-21,0.7999999999999998,0.8199802250718916,SENS0124,2024-06-14,0.9295497173271976,0.2986958163177431,0.5666666666666667,Severe,0.6666666666666666,0.7142857142857142,1.0,0.5927627800114877,0.5215393452039059,0.796381390005744,0.7370034084724887,0.4945753945495898,0.6783737416243161,0.4990210210170593,0.977822580645161,0.2469758064516127,0.6784274193548387,0.4221345763117006,0.8804312778828717,0.4805527970870571,0.8546974240171267,0.9505726341169382,0.662246333132409,0.8742214185252158,0.7991231164642445,0.6387616109314669,0.9192070161585968,0.6742629861154847,0.6586679528919974,0.633064029904739,0.5507456087463324,0.5007624589535133,0.642438086368594,0.4686229367464003,0.671629295980933,1.0,0.0003726
FARM0458,South India,Maize,0.902642159678346,0.7638190954773871,0.2222782258064516,0.258209735117971,0.4739803094233473,0.8981636060100169,0.0,Mixed,0.134996658498552,2024-03-21,2024-08-04,0.7666666666666666,0.4891602700057614,SENS0458,2024-06-14,0.8725635865671245,0.932089417721316,0.7666666666666666,,0.6666666666666666,0.7142857142857142,1.0,0.9244686961516372,0.1585295807007467,0.7564618035611718,0.7661616016956435,0.5301191413518106,0.7352150972712264,0.5311243428656162,0.2827620967741935,0.7953629032258063,0.0604838709677418,0.4604995816899726,0.8231890916378253,0.4142667990731543,0.8654151943678638,0.6566204540888084,0.215792646172393,0.2933494072734578,0.8444287658116212,0.5705899093727335,0.8490736301852739,0.6388956842384306,0.5449977893002131,0.0417219341613409,0.375658185618393,0.4734262005220271,0.6732931204017304,0.4119795528153902,0.6936784490598636,0.25,0.0003316
FARM0432,South USA,Rice,0.9902354968408964,0.1256281407035175,0.421875,0.7460910808312232,0.3861764114928673,0.9031719532554257,0.0,Organic,0.8714635776342171,2024-02-14,2024-07-05,0.8666666666666667,0.7082569130481818,SENS0432,2024-06-14,0.1587557464205081,0.5748986575124628,0.3166666666666666,Mild,0.6666666666666666,0.7142857142857142,1.0,0.902642159678346,0.5927627800114877,0.8497989661114304,0.7941740898805604,0.5726096773119688,0.7959084582267826,0.5721749579141353,0.2222782258064516,0.977822580645161,0.4007056451612902,0.46551930201984,0.8225143815327329,0.4516716319099632,0.8427183421423164,0.4739803094233473,0.9505726341169382,0.8239903556359253,0.7346167414201485,0.5867897475164483,0.8199994360001126,0.6571705333034144,0.258209735117971,0.6586679528919974,0.9721451826841916,0.4208118550673114,0.5608801076380914,0.5369415070043317,0.6477384786589665,0.5,0.0003505
FARM0408,North India,Soybean,0.4744399770246985,0.8994974874371859,0.677923387096774,0.4144861127858837,0.8947156921840468,0.7028380634390652,0.0,Mixed,0.080196034751615,2024-03-21,2024-06-23,0.0666666666666666,0.5361471093634033,SENS0408,2024-06-14,0.4454116876099599,0.1225869071915113,0.9666666666666666,Severe,0.6666666666666666,0.7142857142857142,1.0,0.9902354968408964,0.9244686961516372,0.4853532452613441,0.7919972503079081,0.5745959024559879,0.7822484057877186,0.5751110370646284,0.421875,0.2827620967741935,0.1139112903225807,0.599258993665591,0.760171181114489,0.5330188679245285,0.8246034933031244,0.3861764114928673,0.6566204540888084,0.8450874020494276,0.7470644559794388,0.6060024005909215,0.8581258283748343,0.6875754047114438,0.7460910808312232,0.5449977893002131,0.4802845773543953,0.4054971887249627,0.5636880583203984,0.48237405861006,0.6436571940217598,0.75,0.0003304
FARM0024,East Africa,Soybean,0.3322802986789203,0.8190954773869343,0.757056451612903,0.6753888821897988,0.2210166767128792,0.1969949916527547,0.0,Organic,0.244375139229227,2024-02-20,2024-07-13,0.8999999999999999,0.7674483549826027,SENS0024,2024-06-15,0.4146479793963221,0.629649637390171,0.2,Severe,0.8333333333333333,0.7142857142857142,1.0,0.4744399770246985,0.902642159678346,0.5215393452039059,0.7542462692979691,0.6152356487991583,0.8018645000485545,0.5455600407450973,0.677923387096774,0.2222782258064516,0.2469758064516127,0.7202103501852517,0.721616989392782,0.5287156570671963,0.8197383942852082,0.8947156921840468,0.4739803094233473,0.662246333132409,0.6363957062944114,0.6842071668373203,0.8428978314204336,0.7135402328477422,0.4144861127858837,0.258209735117971,0.633064029904739,0.4153483455108475,0.575024819846831,0.5389550083895889,0.6422458133784212,0.75,0.0003662
FARM0373,North India,Cotton,0.353819643882826,0.708542713567839,0.4889112903225805,0.4947144177820652,0.8450874020494276,0.8664440734557595,0.0,Inorganic,0.0926709734907552,2024-02-06,2024-06-28,0.8833333333333333,0.1634375165105553,SENS0373,2024-06-15,0.8231498551804345,0.5630379814018514,0.6666666666666665,Mild,0.8333333333333333,0.7142857142857142,1.0,0.3322802986789203,0.9902354968408964,0.1585295807007467,0.7932002405980579,0.5369078241076747,0.7930599164859353,0.5533759614882003,0.757056451612903,0.421875,0.7953629032258063,0.6475439225528858,0.6874618020415677,0.4554783184376032,0.7461339617117857,0.2210166767128792,0.3861764114928673,0.215792646172393,0.7942347427304342,0.6372177850583322,0.8333098333380331,0.7004738684046642,0.6753888821897988,0.7460910808312232,0.0417219341613409,0.5207828535611043,0.3816692805822025,0.4505248370858856,0.5721570965238335,0.0,0.0003796
FARM0282,Central USA,Soybean,0.4112578977599082,0.2060301507537687,0.2106854838709677,0.0577997507938422,0.5694193289129997,0.979966611018364,0.0,Inorganic,0.7246602806861216,2024-03-26,2024-08-08,0.75,0.2830858951425631,SENS0282,2024-06-15,0.2597262761273362,0.5749500297418169,0.6166666666666667,Mild,0.8333333333333333,0.7142857142857142,1.0,0.353819643882826,0.4744399770246985,0.5927627800114877,0.7569959613897402,0.5643575177115892,0.8297672611918556,0.4925455002794481,0.4889112903225805,0.677923387096774,0.977822580645161,0.4656388191705509,0.5520764976112619,0.4199768288646144,0.7690024278315833,0.8450874020494276,0.8947156921840468,0.9505726341169382,0.6986342790908637,0.5517171372922404,0.8686444262711146,0.6695068699365967,0.4947144177820652,0.4144861127858837,0.6586679528919974,0.3809301063700405,0.5373371644852221,0.3939204744995512,0.6421826572450091,0.75,0.0003598
FARM0448,South India,Cotton,0.9574956921309592,0.7688442211055277,0.7575604838709677,0.3495719281321596,0.7078561382358849,0.6343906510851418,0.0,Mixed,0.0568055246157273,2024-02-14,2024-06-30,0.7833333333333332,0.2424340772832368,SENS0448,2024-06-15,0.0343690636069056,0.8132688059411532,0.6333333333333333,,0.8333333333333333,0.7142857142857142,1.0,0.4112578977599082,0.3322802986789203,0.9244686961516372,0.7635837653596081,0.5752581759702143,0.8479267147897582,0.5157335262961408,0.2106854838709677,0.757056451612903,0.2827620967741935,0.5782239751404323,0.5954186439853328,0.4329692154915592,0.7841639030948749,0.5694193289129997,0.2210166767128792,0.6566204540888084,0.7114851584941795,0.5597029489596903,0.8452948309410342,0.6476076227923299,0.0577997507938422,0.6753888821897988,0.5449977893002131,0.3354445182475605,0.535706665331885,0.3548601084793379,0.6476115674144278,0.0,0.0003805
FARM0465,Central USA,Soybean,0.097932222860425,0.78391959798995,0.865423387096774,0.3777081072390369,0.982720514366084,0.679465776293823,0.0,Organic,0.0951214078859434,2024-02-06,2024-07-05,1.0,0.0468786559087032,SENS0465,2024-06-16,0.6505190635588621,0.5932254249474762,0.9666666666666666,Severe,1.0,0.7142857142857142,1.0,0.9574956921309592,0.353819643882826,0.902642159678346,0.6030704895024775,0.634646129852068,0.7737027805651766,0.5735003635276364,0.7575604838709677,0.4889112903225805,0.2222782258064516,0.730727859447831,0.5869432043847546,0.5651274412446203,0.7701056502118641,0.7078561382358849,0.8450874020494276,0.4739803094233473,0.8390868316282825,0.6377786685905041,0.942049011590198,0.6491865127179929,0.3495719281321596,0.4947144177820652,0.258209735117971,0.3632578982327792,0.5128219601547737,0.3552581261950283,0.6474543351162783,0.75,0.0003664
FARM0383,South USA,Wheat,0.8595634692705344,0.5829145728643215,0.203125,0.5715261867438404,0.8330319469559976,0.05008347245409,0.0,Organic,0.6308754733793718,2024-03-14,2024-07-08,0.4333333333333333,0.8480852787484937,SENS0383,2024-06-16,0.5790175858964354,0.7311054342405421,1.0,,1.0,0.7142857142857142,1.0,0.097932222860425,0.4112578977599082,0.9902354968408964,0.5770056998825653,0.5804562131416894,0.7748033535105039,0.5748227930152725,0.865423387096774,0.2106854838709677,0.421875,0.6788574160392016,0.6859635287849072,0.5326878517047335,0.7995814261276765,0.982720514366084,0.5694193289129997,0.3861764114928673,0.9511666582673992,0.5871544070330346,0.9433180113363973,0.6503503187504585,0.3777081072390369,0.0577997507938422,0.7460910808312232,0.3226277235688695,0.4428874823719644,0.2774729777188121,0.5472876249935004,1.0,0.000326
FARM0180,South India,Wheat,0.4543365881677198,0.9195979899497488,0.710181451612903,0.2746091080831223,0.8227848101265823,0.5041736227045075,0.0,Mixed,0.0296279795054577,2024-02-16,2024-06-23,0.6333333333333333,0.4430112234038538,SENS0180,2024-06-16,0.5872440194467871,0.3492498953528664,0.1666666666666666,Moderate,1.0,0.7142857142857142,1.0,0.8595634692705344,0.9574956921309592,0.4744399770246985,0.5729957322487326,0.5811307513736138,0.771307415919464,0.5763977702645902,0.203125,0.7575604838709677,0.677923387096774,0.6865065136847139,0.692278695576723,0.6305858987090369,0.7513196358797157,0.8330319469559976,0.7078561382358849,0.8947156921840468,0.9331250314972545,0.5719647989290398,0.9401878119624376,0.6473749712888697,0.5715261867438404,0.3495719281321596,0.4144861127858837,0.2900711940200764,0.4600985533140287,0.237538533577867,0.5591283914222638,1.0,0.0003765
FARM0258,East Africa,Cotton,0.1858127512923607,0.5226130653266332,0.251008064516129,0.6276779613328511,0.1750050231062889,0.7495826377295494,0.0,Mixed,0.1047003787034974,2024-03-19,2024-07-09,0.3666666666666667,0.6728532504094619,SENS0258,2024-06-16,0.6656773945994457,0.8830645387414706,0.1666666666666666,Mild,1.0,0.7142857142857142,1.0,0.4543365881677198,0.097932222860425,0.3322802986789203,0.5437802537736661,0.6145099270372048,0.7334671284757066,0.6092113012857288,0.710181451612903,0.865423387096774,0.757056451612903,0.5665112943707422,0.7155686178768621,0.6312479311486263,0.7504213399413906,0.8227848101265823,0.982720514366084,0.2210166767128792,0.9215844378370208,0.6063420286572305,0.8718028256394348,0.7258035972044777,0.2746091080831223,0.3777081072390369,0.6753888821897988,0.2789664237400717,0.4371664592279595,0.2364927615405629,0.5582146527144676,0.0,0.0003772
FARM0143,South India,Cotton,0.4873635841470419,0.5728643216080402,0.2706653225806452,0.4155713654085776,0.4494675507333735,0.6327212020033388,0.0,Inorganic,0.5157050568055247,2024-02-23,2024-07-21,0.9833333333333334,0.8769677437209572,SENS0143,2024-06-18,0.9509482774911354,0.3267476572060319,0.0,,0.1666666666666666,0.7142857142857142,1.0,0.1858127512923607,0.8595634692705344,0.353819643882826,0.5704178959126972,0.6061553152310108,0.7705305408992327,0.5722312113962021,0.251008064516129,0.203125,0.4889112903225805,0.5147603681128241,0.7483875457786212,0.5451009599470371,0.7475137922213309,0.1750050231062889,0.8330319469559976,0.8450874020494276,0.8223554906012198,0.6227715737511517,0.9045994190801164,0.6762364525718827,0.6276779613328511,0.5715261867438404,0.4947144177820652,0.2605457896361715,0.4267096354199773,0.3090802669059977,0.4813089213158805,0.0,0.000362
FARM0228,Central USA,Soybean,0.8767949454336589,0.4070351758793973,0.1905241935483871,0.711925720487158,0.7884267631103073,0.5776293823038396,0.0,Mixed,0.0060147026063711,2024-03-07,2024-07-19,0.7333333333333334,0.8034734434791796,SENS0228,2024-06-19,0.3624293398066276,0.1539940656563132,0.6499999999999999,Moderate,0.3333333333333333,0.7142857142857142,1.0,0.4873635841470419,0.4543365881677198,0.4112578977599082,0.6632772892618796,0.6583199373655124,0.8025442656912567,0.5928035245351115,0.2706653225806452,0.710181451612903,0.2106854838709677,0.5099796820843792,0.755993827809331,0.4158391261171799,0.6817720872376111,0.4494675507333735,0.8227848101265823,0.5694193289129997,0.877286700599708,0.6272041783429225,0.8818420236315951,0.6477076087994078,0.4155713654085776,0.2746091080831223,0.0577997507938422,0.4127943418996922,0.3652919952614812,0.3194209232450149,0.4930785975822347,0.75,0.000359
FARM0074,East Africa,Rice,0.9170017231476164,0.3065326633165832,0.661290322580645,0.6646569395876042,0.1249748844685554,0.7078464106844742,0.0,Inorganic,0.5591445756293161,2024-03-26,2024-07-15,0.3499999999999998,0.8124275107994755,SENS0074,2024-06-19,0.7033000940694604,0.9474396501481084,1.0,,0.3333333333333333,0.7142857142857142,1.0,0.8767949454336589,0.1858127512923607,0.9574956921309592,0.6552000687423022,0.644048862597842,0.8017026510860064,0.5916531455885603,0.1905241935483871,0.251008064516129,0.7575604838709677,0.4871519062985543,0.7207644740675166,0.4779874213836477,0.6842192036074637,0.7884267631103073,0.1750050231062889,0.7078561382358849,0.7310890490349247,0.7851279081447141,0.8072248385550322,0.7315839586735666,0.711925720487158,0.6276779613328511,0.3495719281321596,0.4861307313057228,0.3718733362660976,0.34265423186483,0.5087360274472158,0.5,0.0003476
FARM0233,Central USA,Maize,0.2228604250430788,0.9648241206030148,0.4586693548387097,0.4052413682221956,0.0,0.1736227045075125,0.0,Mixed,0.0715081309868567,2024-02-11,2024-07-10,1.0,0.1118264636843257,SENS0233,2024-06-21,0.9574094273165288,0.876344139860644,0.8166666666666667,Moderate,0.6666666666666666,0.7142857142857142,1.0,0.9170017231476164,0.4873635841470419,0.097932222860425,0.6801191533239769,0.595046607299335,0.7250833522157123,0.5935377111224024,0.661290322580645,0.2706653225806452,0.865423387096774,0.3907015656746742,0.5564757272810786,0.5167990731545844,0.6550793740305256,0.1249748844685554,0.4494675507333735,0.982720514366084,0.4846041425187726,0.8221191916268015,0.7407010518597894,0.8329585131848621,0.6646569395876042,0.4155713654085776,0.3777081072390369,0.4925391286450684,0.3635697926033263,0.3712022476294532,0.4875260451356129,0.25,0.0003858
FARM0181,North India,Maize,0.0229753015508328,0.0452261306532664,0.8608870967741933,0.7829494754612326,0.210769539883464,0.2203672787979966,0.0,Mixed,0.2060592559590109,2024-03-14,2024-07-14,0.5333333333333332,0.0142525404241294,SENS0181,2024-06-21,0.9678479104697036,0.6821578138863242,0.4666666666666666,Mild,0.6666666666666666,0.7142857142857142,1.0,0.2228604250430788,0.8767949454336589,0.8595634692705344,0.5132472145046257,0.6524682077914224,0.6160618910432785,0.5949979467793917,0.4586693548387097,0.1905241935483871,0.203125,0.5466714473526948,0.6636747049896198,0.5888778550148954,0.7030785341885006,0.0,0.7884267631103073,0.8330319469559976,0.3285289522753618,0.7467951247733595,0.7160824567835089,0.8589370678971219,0.4052413682221956,0.711925720487158,0.5715261867438404,0.541748135951577,0.4259811842792149,0.3783587622429469,0.4976542029355747,0.25,0.0004292
FARM0429,Central USA,Rice,0.5758184951177485,0.1256281407035175,0.9511088709677415,0.009043771855782,0.8095238095238094,0.8347245409015025,0.0,Organic,0.4190242815771887,2024-03-25,2024-07-18,0.4166666666666667,0.7617649500720803,SENS0429,2024-06-21,0.5379229722618406,0.3255361538322883,0.0166666666666666,,0.6666666666666666,0.7142857142857142,1.0,0.0229753015508328,0.9170017231476164,0.4543365881677198,0.5374788760633574,0.6585029470636452,0.6274884277991779,0.5971879850529691,0.8608870967741933,0.661290322580645,0.710181451612903,0.6038006453926137,0.7806358950257077,0.6337305527970871,0.7619711582070384,0.210769539883464,0.1249748844685554,0.8227848101265823,0.32520284231215,0.7398754824994974,0.7041256591748679,0.8435149510439173,0.7829494754612326,0.6646569395876042,0.2746091080831223,0.4799375064317859,0.5987745969193907,0.2996371014945174,0.5921304002663124,0.5,0.0004537
FARM0036,Central USA,Maize,0.2481332567489949,0.1155778894472363,0.1940524193548387,0.1194581775794847,0.533654812135825,0.7612687813021703,0.0,Organic,0.2158609935397638,2024-02-09,2024-06-24,0.7666666666666666,0.5874084529012035,SENS0036,2024-06-22,0.5971635511429424,0.9808887295537532,0.8333333333333333,Moderate,0.8333333333333333,0.7142857142857142,1.0,0.5758184951177485,0.2228604250430788,0.1858127512923607,0.5499097757282388,0.6436393606582451,0.6180040785938563,0.6045728764106829,0.9511088709677415,0.4586693548387097,0.251008064516129,0.5902952073622565,0.803285713852654,0.5412942734193975,0.782556363233904,0.8095238095238094,0.0,0.1750050231062889,0.4151589981353629,0.7243533127329559,0.7480048503990298,0.8111825032418781,0.009043771855782,0.4052413682221956,0.6276779613328511,0.3616487824045054,0.6711660909445508,0.1916962578530454,0.6106363684641942,0.25,0.0004253
FARM0079,North India,Maize,0.2211372774267662,0.316582914572864,0.0997983870967742,0.7175127617669522,0.3321277878239904,0.1452420701168614,0.0,Inorganic,0.9184673646691914,2024-02-23,2024-07-15,0.8833333333333333,0.1337474495122939,SENS0079,2024-06-22,0.4488395217287001,0.0042561341245792,0.0833333333333333,Moderate,0.8333333333333333,0.7142857142857142,1.0,0.2481332567489949,0.0229753015508328,0.4873635841470419,0.4968063472059117,0.6694444832657905,0.6030492344544072,0.61573650039534,0.1940524193548387,0.8608870967741933,0.2706653225806452,0.5497788932711845,0.872119017026821,0.4774081429990069,0.8362176687712444,0.533654812135825,0.210769539883464,0.4494675507333735,0.3857279645214941,0.7267953032461314,0.6760102647979469,0.7966095254841876,0.1194581775794847,0.7829494754612326,0.4155713654085776,0.4319259806718993,0.708530563081263,0.2349553205603465,0.6416716409094703,0.25,0.0004153
FARM0033,South India,Cotton,0.1723147616312464,0.5175879396984926,0.6557459677419355,0.6182322440612565,0.9192284508740206,0.7746243739565943,0.0,Inorganic,0.8266874582312319,2024-03-09,2024-06-27,0.3333333333333332,0.8511999557202629,SENS0033,2024-06-23,0.9353018630365316,0.2783185158332615,0.4499999999999999,Severe,1.0,0.7142857142857142,1.0,0.2211372774267662,0.5758184951177485,0.8767949454336589,0.3562856242660327,0.577957981446975,0.5761175670863949,0.633501767282485,0.0997983870967742,0.9511088709677415,0.1905241935483871,0.6600932233775545,0.8141063915710659,0.5504799735187027,0.8178728883801255,0.3321277878239904,0.8095238095238094,0.7884267631103073,0.4185355037040776,0.7927980669145629,0.7251064549787092,0.8406271688657772,0.7175127617669522,0.009043771855782,0.711925720487158,0.4101187190689581,0.6875675072692907,0.3437702423225504,0.5900610559289055,0.0,0.0004206
FARM0256,North India,Rice,0.1748994830557151,0.0251256281407035,0.1078629032258065,0.1918485469673219,0.0273256982117742,0.6410684474123538,0.0,Mixed,0.4900868790376477,2024-03-23,2024-07-28,0.6166666666666667,0.2516372181255079,SENS0256,2024-06-24,0.2207536302580168,0.7178534519534465,0.0166666666666666,Mild,0.0,0.7142857142857142,1.0,0.1723147616312464,0.2481332567489949,0.9170017231476164,0.2082605333256953,0.3195232810880747,0.4879098824976533,0.5817747446835162,0.6557459677419355,0.1940524193548387,0.661290322580645,0.5288633918967367,0.904094956851724,0.4438099966898376,0.8415482013664298,0.9192284508740206,0.533654812135825,0.1249748844685554,0.3940432394295217,0.8276678899049861,0.6295930740813849,0.9016351425502074,0.6182322440612565,0.1194581775794847,0.6646569395876042,0.300072035999289,0.6944282961469932,0.3131462910211886,0.6152968980072332,0.5,0.0004508
FARM0086,East Africa,Rice,0.9531878230901784,0.1407035175879398,0.612399193548387,0.784436673499739,0.0303395619851316,0.0651085141903172,0.0,Inorganic,0.382713299175763,2024-03-02,2024-07-08,0.6333333333333333,0.1484855575095667,SENS0086,2024-06-25,0.9495164166742204,0.3715347278273255,0.7666666666666666,Mild,0.1666666666666666,0.7142857142857142,1.0,0.1748994830557151,0.2211372774267662,0.2228604250430788,0.3539369289376449,0.6067846677776053,0.5843071245913314,0.6217406663039369,0.1078629032258065,0.0997983870967742,0.4586693548387097,0.5653161228636305,0.9129961475327022,0.4022674611055938,0.7915075542957202,0.0273256982117742,0.3321277878239904,0.0,0.4016529758605054,0.8151922428763252,0.4959251008149796,0.8804717394323992,0.1918485469673219,0.7175127617669522,0.4052413682221956,0.3883301681151827,0.7654123920190625,0.3921176883755415,0.6475888592889024,0.5,0.000466
FARM0084,North India,Maize,0.4345203905801263,0.3969849246231156,0.4430443548387095,0.9604485710840472,0.3359453486035765,0.1853088480801336,0.0,Inorganic,0.9253731343283584,2024-03-09,2024-07-28,0.8500000000000001,0.0772102759181125,SENS0084,2024-06-25,0.0788288944740517,0.6022990825100085,0.8166666666666667,Moderate,0.1666666666666666,0.7142857142857142,1.0,0.9531878230901784,0.1723147616312464,0.0229753015508328,0.4360266949273909,0.5469330989404084,0.5363998316770788,0.5809719945183592,0.612399193548387,0.6557459677419355,0.8608870967741933,0.4662364049241068,0.817605083394717,0.4416583912611718,0.7688095655060491,0.0303395619851316,0.9192284508740206,0.210769539883464,0.4330494380889986,0.7958157359264125,0.4261583147683372,0.8315887870787046,0.784436673499739,0.6182322440612565,0.7829494754612326,0.4296432814736506,0.8400038946284953,0.4676317945916415,0.719408165492676,0.25,0.0004663
FARM0163,South USA,Cotton,0.8828259620907525,0.4773869346733668,0.0882056451612903,0.3841794284336188,0.4165159734779987,0.642737896494157,0.0,Mixed,0.9953218979728224,2024-03-26,2024-06-25,0.0166666666666666,0.9897653425515694,SENS0163,2024-06-25,0.3592687885089848,0.5442820105067727,0.4833333333333332,Moderate,0.1666666666666666,0.7142857142857142,1.0,0.4345203905801263,0.1748994830557151,0.5758184951177485,0.4972646292212069,0.6435137020677828,0.5846955621014469,0.6261561420904207,0.4430443548387095,0.1078629032258065,0.9511088709677415,0.261623042906657,0.634851285059351,0.3395398874544852,0.7871688059343266,0.3359453486035765,0.0273256982117742,0.8095238095238094,0.3344756337247394,0.6986508691639192,0.3691379261724146,0.7719784953253297,0.9604485710840472,0.1918485469673219,0.009043771855782,0.5169565258066628,0.7105651977236309,0.4889062317087447,0.7048383476782575,0.0,0.0004745
FARM0206,Central USA,Maize,0.1424468696151637,0.055276381909548,0.7908266129032258,0.2043088548575103,0.5390797669278683,0.3572621035058432,0.0,Organic,0.6163956337714414,2024-03-24,2024-07-27,0.5833333333333335,0.8644134318557487,SENS0206,2024-06-27,0.6475379953179866,0.3884317350194375,0.5166666666666666,Moderate,0.5,0.7142857142857142,1.0,0.8828259620907525,0.9531878230901784,0.2481332567489949,0.4761836565176297,0.6667032538514353,0.5798077234324928,0.6317208776119964,0.0882056451612903,0.612399193548387,0.1940524193548387,0.4031313493486317,0.7590240131616766,0.4281694803045348,0.8191957758037812,0.4165159734779987,0.0303395619851316,0.533654812135825,0.3358363150733254,0.6997565746103566,0.4202363159527369,0.7663280139989268,0.3841794284336188,0.784436673499739,0.1194581775794847,0.5367056160013473,0.6706701513070272,0.4067038670152572,0.7326084125813709,0.25,0.0004733
FARM0350,Central USA,Soybean,0.6217690982194142,0.7587939698492461,0.6663306451612903,0.5218055388078301,0.4898533252963634,0.4657762938230383,0.0,Mixed,0.4981064825128091,2024-03-09,2024-07-11,0.5666666666666664,0.3398721422587194,SENS0350,2024-06-27,0.5408506319821432,0.0166928201050677,0.7666666666666666,Severe,0.5,0.7142857142857142,1.0,0.1424468696151637,0.4345203905801263,0.2211372774267662,0.5560965829347234,0.6546002776054657,0.5949567863269998,0.637470867413561,0.7908266129032258,0.4430443548387095,0.0997983870967742,0.537468626747938,0.7119058752763564,0.4931314134392579,0.818727745081469,0.5390797669278683,0.3359453486035765,0.3321277878239904,0.3753968653933379,0.7052200282834864,0.4259045148190972,0.768264112673395,0.2043088548575103,0.9604485710840472,0.7175127617669522,0.4911545406067863,0.6500825805330405,0.4273305498107465,0.730281877213548,0.75,0.0004728
FARM0378,South India,Cotton,0.5252728317059162,0.6432160804020102,0.0846774193548387,0.4697938020016883,0.0749447458308218,0.8013355592654425,0.0,Organic,0.9855201603920696,2024-03-10,2024-07-31,0.8833333333333333,0.2443059025392919,SENS0378,2024-06-27,0.2955804489262406,0.0467929909452693,0.0833333333333333,,0.5,0.7142857142857142,1.0,0.6217690982194142,0.8828259620907525,0.1723147616312464,0.6265001575344425,0.6004352024988663,0.5553361602952125,0.5975614211543345,0.6663306451612903,0.0882056451612903,0.6557459677419355,0.4020556949922313,0.7694164118742542,0.4757530619000332,0.843470708493566,0.4898533252963634,0.4165159734779987,0.9192284508740206,0.1636345310688907,0.5093675987587549,0.3257663348467328,0.7400059233451284,0.5218055388078301,0.3841794284336188,0.6182322440612565,0.4566053269218175,0.6440617861500848,0.3803176337456591,0.7149570072318733,0.0,0.000465
FARM0247,North India,Cotton,0.7975301550832855,0.5929648241206031,0.8034274193548385,0.5501828851641949,0.1848503114325899,0.8814691151919865,0.0,Inorganic,0.2494987747828024,2024-03-24,2024-08-02,0.6833333333333331,0.3862727782767634,SENS0247,2024-06-28,0.2206231517208754,0.0783188162556554,0.6333333333333333,Moderate,0.6666666666666666,0.7142857142857142,1.0,0.5252728317059162,0.1424468696151637,0.1748994830557151,0.7506945836794318,0.5399199634801309,0.5418703266112066,0.5734189126080237,0.0846774193548387,0.7908266129032258,0.1078629032258065,0.5669893629735863,0.7760817535729415,0.4990897053955643,0.8670542397818752,0.0749447458308218,0.5390797669278683,0.0273256982117742,0.2031446857833998,0.4592723088979943,0.3341699331660135,0.732204951426687,0.4697938020016883,0.2043088548575103,0.1918485469673219,0.5400080455791416,0.5653202440747508,0.358091075818473,0.7052883344173595,0.0,0.0004673
FARM0443,East Africa,Cotton,0.646754738655945,0.2864321608040203,0.0236895161290322,0.8503557216929944,0.3281093027928471,0.2404006677796327,0.0,Mixed,0.9897527288928492,2024-03-23,2024-08-06,0.7666666666666666,0.2179317840457088,SENS0443,2024-06-28,0.5217762232633104,0.1828014187948254,0.6333333333333333,,0.6666666666666666,0.7142857142857142,1.0,0.7975301550832855,0.6217690982194142,0.9531878230901784,0.6895712198894394,0.4666632988953683,0.5896481403554203,0.5716462192403251,0.8034274193548385,0.6663306451612903,0.612399193548387,0.4273933309429905,0.8813449306572987,0.4276729559748427,0.9301815161550688,0.1848503114325899,0.4898533252963634,0.0303395619851316,0.2778309731391422,0.3742531860551445,0.3802205239558951,0.6867708666848604,0.5501828851641949,0.5218055388078301,0.784436673499739,0.5553507778952391,0.5903390076650856,0.4445155500058531,0.7446710531650033,0.0,0.0004776
FARM0474,East Africa,Maize,0.5496840896036762,0.6030150753768844,0.9037298387096772,0.1709071908034889,0.9463532248342376,0.3889816360601001,0.0,Mixed,0.6783247939407441,2024-03-18,2024-07-24,0.6333333333333333,0.8817001406384836,SENS0474,2024-06-29,0.4771256190824241,0.1267493595995974,0.0166666666666666,Mild,0.8333333333333333,0.7142857142857142,1.0,0.646754738655945,0.5252728317059162,0.4345203905801263,0.7125426059061094,0.4523145952802489,0.6490143398180814,0.5203128997714251,0.0236895161290322,0.0846774193548387,0.4430443548387095,0.5366320066929604,1.0,0.4347070506454815,0.9412028624900636,0.3281093027928471,0.0749447458308218,0.3359453486035765,0.4309328226578646,0.6425225634815672,0.4834607033078595,0.7759004433977786,0.8503557216929944,0.4697938020016883,0.9604485710840472,0.3715841371116373,0.51918819991998,0.3256799469309712,0.7498344278630461,0.25,0.0004826
FARM0348,North India,Maize,0.9755887421022404,0.3366834170854269,0.599798387096774,0.9948149041360186,0.1187462326702833,0.8380634390651085,0.0,Inorganic,0.7656493651147249,2024-03-19,2024-07-04,0.2833333333333332,0.7551833709459511,SENS0348,2024-06-29,0.644246725264969,0.3997966140393392,0.4833333333333332,Severe,0.8333333333333333,0.7142857142857142,1.0,0.5496840896036762,0.7975301550832855,0.8828259620907525,0.7310457422736517,0.4911704030383605,0.6940730909914865,0.5742862847941759,0.9037298387096772,0.8034274193548385,0.0882056451612903,0.6579419146647543,0.9004117485310639,0.3770274743462427,0.8688395055794588,0.9463532248342376,0.1848503114325899,0.4165159734779987,0.356246535302122,0.6950407757336429,0.3865091226981754,0.7477619528173578,0.1709071908034889,0.5501828851641949,0.3841794284336188,0.5137102281763668,0.6868903657706317,0.5170796425644826,0.7489944596492858,0.25,0.0004587
FARM0023,East Africa,Soybean,0.297817346352671,0.5477386934673367,0.0005040322580645,0.2876321395554485,0.4271649588105285,0.5792988313856429,0.0,Inorganic,0.4417464914234796,2024-03-07,2024-07-07,0.5333333333333332,0.4702659048539145,SENS0023,2024-06-30,0.9605349067520864,0.7359952092642259,0.6666666666666665,Moderate,1.0,0.7142857142857142,1.0,0.9755887421022404,0.646754738655945,0.1424468696151637,0.7620370635579871,0.4078504571317329,0.6996730650956526,0.5681437776271168,0.599798387096774,0.0236895161290322,0.7908266129032258,0.470539022349707,0.9909195766417572,0.3452499172459444,0.9094866743980052,0.1187462326702833,0.3281093027928471,0.5390797669278683,0.3281761830368392,0.6798804210743857,0.3715631256873748,0.7401410123072554,0.9948149041360186,0.8503557216929944,0.2043088548575103,0.5331038160368975,0.6556396382828111,0.5497327037889728,0.7108076674498213,0.75,0.000487
FARM0112,Central USA,Wheat,0.1748994830557151,0.5326633165829149,0.5332661290322578,0.7306965714056033,0.2190074341973077,0.0016694490818028,0.0,Inorganic,0.463132100690577,2024-03-18,2024-07-13,0.4499999999999999,0.529386901751817,SENS0112,2024-07-01,0.229703040618341,0.460271391576557,0.1499999999999999,Mild,0.0,0.8571428571428572,1.0,0.297817346352671,0.5496840896036762,0.6217690982194142,0.6729012115830778,0.5238590711638028,0.694461528501602,0.5755449972677186,0.0005040322580645,0.9037298387096772,0.6663306451612903,0.4389864945619695,0.9663035891889596,0.4164184045018206,0.876783028431595,0.4271649588105285,0.9463532248342376,0.4898533252963634,0.2602429068185257,0.6775985982057415,0.3556865288626945,0.7469152641810254,0.2876321395554485,0.1709071908034889,0.5218055388078301,0.5817234378946781,0.6721452125528428,0.5522925039996884,0.7123674714150976,1.0,0.0004973
FARM0395,Central USA,Maize,0.2814474439977026,0.78391959798995,0.720766129032258,0.6750271313155676,0.7130801687763714,0.5191986644407345,0.0,Organic,0.3274671419024282,2024-03-07,2024-07-27,0.8666666666666667,0.777572313087933,SENS0395,2024-07-01,0.0979070666118755,0.7116399157215052,0.8333333333333333,,0.0,0.8571428571428572,1.0,0.1748994830557151,0.9755887421022404,0.5252728317059162,0.6242660327098787,0.5633860602545728,0.7067620496552616,0.5593670984716737,0.5332661290322578,0.599798387096774,0.0846774193548387,0.589817138759412,0.9200572962091178,0.4270936775902019,0.8865988890867219,0.2190074341973077,0.1187462326702833,0.0749447458308218,0.4202993498966887,0.6936344357728701,0.3267533346493332,0.680657632924342,0.7306965714056033,0.9948149041360186,0.4697938020016883,0.6294917252154066,0.6665792063498299,0.563319936004995,0.7159707221899139,0.25,0.0004535
FARM0346,East Africa,Rice,0.4936817920735211,0.3567839195979898,0.2908266129032257,0.724948751959484,0.0779586096041792,0.4924874791318865,0.0,Inorganic,0.4568946313210069,2024-03-10,2024-07-21,0.7166666666666668,0.9764587783321133,SENS0346,2024-07-01,0.2259089537663177,0.4068531855789241,0.9833333333333332,Severe,0.0,0.8571428571428572,1.0,0.2814474439977026,0.297817346352671,0.7975301550832855,0.5636582361870935,0.517456634131065,0.742692519340951,0.5249964985484034,0.720766129032258,0.0005040322580645,0.8034274193548385,0.4682681964861956,0.8762995116227906,0.4571333995365765,0.8553254849759204,0.7130801687763714,0.4271649588105285,0.1848503114325899,0.3934888877689866,0.7299716594184413,0.3338597332280537,0.6696525434765109,0.6750271313155676,0.2876321395554485,0.5501828851641949,0.6701686765022314,0.6702454755643215,0.6668279548913258,0.6726322590729849,0.5,0.0004263
FARM0133,Central USA,Cotton,0.1019529006318208,0.0954773869346734,0.2237903225806452,0.7497889786566986,0.55595740405867,0.6878130217028382,0.0,Inorganic,0.3740253954110046,2024-02-25,2024-07-07,0.7166666666666668,0.5864046111308189,SENS0133,2024-07-02,0.1507121189458199,0.9981050356801666,0.4833333333333332,Moderate,0.1666666666666666,0.8571428571428572,1.0,0.4936817920735211,0.1748994830557151,0.646754738655945,0.4549881133102282,0.5632680642888672,0.6467484543424076,0.5238927784657744,0.2908266129032257,0.5332661290322578,0.0236895161290322,0.5157165053185131,0.7916069180673203,0.3933300231711358,0.8647206890432404,0.0779586096041792,0.2190074341973077,0.3281093027928471,0.4506375044096156,0.7357131476400074,0.4076309184738163,0.6394593715391631,0.724948751959484,0.7306965714056033,0.8503557216929944,0.6467616543955994,0.6477998143132887,0.6601006750692633,0.668240219039776,0.0,0.0003955
FARM0295,East Africa,Cotton,0.1102814474439977,0.5929648241206031,0.328125,0.0974315687929579,0.44263612618043,0.3071786310517529,0.0,Organic,0.598574292715527,2024-03-27,2024-08-02,0.6333333333333333,0.7703189902207194,SENS0295,2024-07-02,0.3275360799779384,0.644894772049502,0.0666666666666667,Mild,0.1666666666666666,0.8571428571428572,1.0,0.1019529006318208,0.2814474439977026,0.5496840896036762,0.3673416778850286,0.5860454600693352,0.6102029585990354,0.5590465300018228,0.2237903225806452,0.720766129032258,0.9037298387096772,0.3792279192064058,0.6268359326496656,0.3744620986428333,0.8685690278617881,0.55595740405867,0.7130801687763714,0.9463532248342376,0.3242957214130928,0.534980849207445,0.4226051154789769,0.6392769323976938,0.7497889786566986,0.6750271313155676,0.1709071908034889,0.6296601210579,0.6923238417796127,0.4925352167635697,0.6876124948941218,0.0,0.000427
FARM0384,South USA,Cotton,0.4839172889144171,0.5879396984924621,0.6164314516129032,0.681297479802243,0.8157524613220816,0.4874791318864775,0.0,Mixed,0.0180441078191133,2024-03-11,2024-07-14,0.5833333333333335,0.057986328631127,SENS0384,2024-07-03,0.6487199090629857,0.8893900323855344,0.1166666666666666,Moderate,0.3333333333333333,0.8571428571428572,1.0,0.1102814474439977,0.4936817920735211,0.9755887421022404,0.2692693266118638,0.3098549585746533,0.5652413168031591,0.5121480013539104,0.328125,0.2908266129032257,0.599798387096774,0.3831719851798731,0.6331045694977722,0.4611883482290628,0.8336725521142191,0.44263612618043,0.0779586096041792,0.1187462326702833,0.499118076903694,0.5910615987598494,0.4786385042722991,0.7003805091130603,0.0974315687929579,0.724948751959484,0.9948149041360186,0.5566885893106064,0.5879231924980931,0.5502243727318847,0.6860788624020888,0.0,0.0003917
FARM0315,North India,Wheat,0.4951177484204481,0.7989949748743719,0.2222782258064516,0.8076691185337033,0.4235483222824995,0.8113522537562603,0.0,Inorganic,0.1200712853642236,2024-03-19,2024-07-21,0.5666666666666664,0.1322756514278957,SENS0315,2024-07-04,0.9653997263433888,0.2125296166409969,0.0499999999999999,Mild,0.5,0.8571428571428572,1.0,0.4839172889144171,0.1019529006318208,0.297817346352671,0.3086242946753358,0.3477586849266061,0.6049914220049848,0.485180245881475,0.6164314516129032,0.2237903225806452,0.0005040322580645,0.4357595314927691,0.5118775048061246,0.3678417742469375,0.8115849313926431,0.8157524613220816,0.55595740405867,0.4271649588105285,0.4982109560046364,0.5912668032503408,0.4624235075152985,0.6953177894846356,0.681297479802243,0.7497889786566986,0.2876321395554485,0.6777277787652842,0.5465408261776277,0.6673742537167835,0.6571653746021232,1.0,0.0003836
FARM0117,South India,Soybean,0.7234348075818496,0.5577889447236184,0.4833669354838708,0.8730254431448212,0.3299176210568616,0.9565943238731218,0.0,Organic,0.9382936065938964,2024-03-04,2024-07-19,0.7833333333333332,1.0,SENS0117,2024-07-04,0.9151029126941248,0.6956032681950828,0.7,Severe,0.5,0.8571428571428572,1.0,0.4951177484204481,0.1102814474439977,0.1748994830557151,0.4180391258270558,0.4357237261504609,0.6164503285533938,0.4967573317733997,0.2222782258064516,0.328125,0.5332661290322578,0.4239273335723674,0.5021221944882817,0.3378020523005625,0.7919941631025847,0.4235483222824995,0.44263612618043,0.2190074341973077,0.5260293302424028,0.5584118306670077,0.4399763120047373,0.6953145128587012,0.8076691185337033,0.0974315687929579,0.7306965714056033,0.7108549831136393,0.579404394826563,0.7355679556717527,0.6804321218768562,0.75,0.0003843
FARM0335,Central USA,Cotton,0.1441700172314762,0.8542713567839195,0.3724798387096775,0.3739700148719804,0.281293952180028,0.3505843071786312,0.0,Mixed,0.086656270884384,2024-03-15,2024-07-30,0.7833333333333332,0.9929806552897934,SENS0335,2024-07-06,0.288726582325511,0.8058047114242624,0.9666666666666666,Severe,0.8333333333333333,0.8571428571428572,1.0,0.7234348075818496,0.4839172889144171,0.2814474439977026,0.3906567754131699,0.465447392718197,0.5734956138931149,0.5232340742739086,0.4833669354838708,0.6164314516129032,0.720766129032258,0.3413409824309787,0.3650690971481766,0.3850546176762663,0.7500280451260282,0.3299176210568616,0.8157524613220816,0.7130801687763714,0.4177291740160258,0.5252918758886964,0.4689377062124591,0.6600450085255899,0.8730254431448212,0.681297479802243,0.6750271313155676,0.6407836019870714,0.626914347447096,0.7169625785304563,0.6935550418614141,0.0,0.0003796
FARM0082,Central USA,Wheat,0.3543940264215969,0.0653266331658288,0.2429435483870967,0.6596326218899475,0.0994575045207957,0.5809682804674459,0.0,Organic,0.0434395188237914,2024-03-11,2024-07-31,0.8666666666666667,0.6409542283375224,SENS0082,2024-07-07,0.9815411905407826,0.4782024526484236,0.1833333333333333,Mild,1.0,0.8571428571428572,1.0,0.1441700172314762,0.4951177484204481,0.4936817920735211,0.3628734282359007,0.4527510861192712,0.5235490240507557,0.4882118803479678,0.3724798387096775,0.2222782258064516,0.2908266129032257,0.329986853113422,0.3777971952835405,0.2930321085733203,0.7037795513810008,0.281293952180028,0.4235483222824995,0.0779586096041792,0.4231215038048683,0.5134765641212932,0.456952708609458,0.6773891157723063,0.3739700148719804,0.8076691185337033,0.724948751959484,0.625581199539718,0.6196845609141477,0.7382136028407544,0.6927118939377894,1.0,0.0003917
FARM0007,North India,Soybean,0.7501435956346928,0.7688442211055277,0.342741935483871,0.2942642389163552,0.154309825195901,0.0016694490818028,0.0,Mixed,0.7627533971931388,2024-03-04,2024-07-27,0.9166666666666664,0.6233480009962941,SENS0007,2024-07-11,0.6093540659818634,0.1520519850910382,0.7666666666666666,,0.5,0.8571428571428572,1.0,0.3543940264215969,0.7234348075818496,0.1019529006318208,0.4921662418010483,0.4820431577823337,0.5352021493542225,0.504350694871496,0.2429435483870967,0.4833669354838708,0.2237903225806452,0.3581929006812476,0.3494608512265203,0.3454154253558426,0.6432774891843005,0.0994575045207957,0.3299176210568616,0.55595740405867,0.3223806884039708,0.5381155634588716,0.4325597134880574,0.698128355297813,0.6596326218899475,0.8730254431448212,0.7497889786566986,0.5195573060407332,0.6509712789058708,0.6302415421235417,0.7034123658785467,0.75,0.0003974
FARM0092,North India,Wheat,0.0410683515221137,0.6381909547738696,0.5816532258064515,0.6536034406527595,0.7659232469359051,0.4156928213689483,0.0,Inorganic,0.8899532189797283,2024-03-10,2024-07-19,0.6833333333333331,0.9568046131435344,SENS0092,2024-07-11,0.2449307146556504,0.8074835719020945,0.4000000000000001,Severe,0.5,0.8571428571428572,1.0,0.7501435956346928,0.1441700172314762,0.1102814474439977,0.4783604960902815,0.5120248444752188,0.4778752468196678,0.5344904360583177,0.342741935483871,0.3724798387096775,0.328125,0.4183100274889451,0.3961963685884186,0.2925355842436277,0.5402641652543193,0.154309825195901,0.281293952180028,0.44263612618043,0.4034672176586202,0.6409071697484701,0.4072361185527762,0.6360866961027472,0.2942642389163552,0.3739700148719804,0.0974315687929579,0.6490069322955161,0.4801177715153061,0.7239630077652477,0.6386959801659224,1.0,0.0003505
FARM0493,Central USA,Wheat,0.535611717403791,0.9798994974874372,0.7842741935483868,0.7836327826681139,0.102270444042596,0.7445742904841404,0.0,Mixed,0.2568500779683671,2024-03-21,2024-07-27,0.6333333333333333,0.5484523477066366,SENS0493,2024-07-12,0.220669794094539,0.2681694963118146,0.5833333333333333,Severe,0.6666666666666666,0.8571428571428572,1.0,0.0410683515221137,0.3543940264215969,0.4839172889144171,0.4886718414344227,0.516792613545024,0.4282847246949146,0.4377791642652974,0.5816532258064515,0.2429435483870967,0.6164314516129032,0.4581092386757497,0.5074334997792312,0.322823568354849,0.5934288035246297,0.7659232469359051,0.0994575045207957,0.8157524613220816,0.2245124225167565,0.5364378226780296,0.4049237190152559,0.6396296624266805,0.6536034406527595,0.6596326218899475,0.681297479802243,0.6728255886837995,0.498642871047657,0.6829593787801931,0.5915951688513839,1.0,0.0003543
FARM0392,Central USA,Maize,0.0034462952326249,0.2763819095477386,0.5322580645161288,0.924233289119338,0.6988145469158128,0.4457429048414023,0.0,Mixed,0.6248607707730007,2024-03-21,2024-07-17,0.4666666666666665,0.695976833646562,SENS0392,2024-07-12,0.8123994086147385,0.6486679771759092,0.7833333333333332,Moderate,0.6666666666666666,0.8571428571428572,1.0,0.535611717403791,0.7501435956346928,0.4951177484204481,0.3905994901612578,0.596962365341417,0.3951056873725439,0.4729196058569539,0.7842741935483868,0.342741935483871,0.2222782258064516,0.5316122863630928,0.4537513058753428,0.4101290963257198,0.5040273474261082,0.102270444042596,0.154309825195901,0.4235483222824995,0.2935544020561405,0.6313389328625096,0.4430501113899776,0.6739062241096925,0.7836327826681139,0.2942642389163552,0.8076691185337033,0.6999560299744603,0.5408814886385833,0.806563390174426,0.5830183429328702,0.25,0.0003667
FARM0216,South India,Maize,0.2082136703044228,0.9045226130653266,0.8583669354838708,0.1424494553639615,0.1802290536467752,0.6160267111853088,0.0,Organic,0.1138338159946536,2024-03-26,2024-07-30,0.6000000000000001,0.8517408729649562,SENS0216,2024-07-12,0.751554852552447,0.9904679479347966,0.5499999999999998,,0.6666666666666666,0.8571428571428572,1.0,0.0034462952326249,0.0410683515221137,0.7234348075818496,0.2878297482313179,0.5201241738615133,0.398860583303661,0.4700679002703714,0.5322580645161288,0.5816532258064515,0.4833669354838708,0.6205330464921714,0.5831359512493962,0.4635054617676268,0.5839181627134833,0.6988145469158128,0.7659232469359051,0.3299176210568616,0.2560096759562569,0.6478215695082883,0.4376075124784977,0.6797269685814397,0.924233289119338,0.6536034406527595,0.8730254431448212,0.5299136503540991,0.6372945405631639,0.6923479143091271,0.6686366478749829,0.25,0.000358
FARM0177,East Africa,Maize,0.8779437105112006,0.2613065326633168,0.660282258064516,0.5741388319466217,0.4705645971468756,0.1702838063439066,0.0,Organic,0.6186233014034307,2024-03-23,2024-07-16,0.4166666666666667,0.0331016194810717,SENS0177,2024-07-14,0.8795870072043052,0.6904835198288795,0.0499999999999999,Severe,1.0,0.8571428571428572,1.0,0.2082136703044228,0.535611717403791,0.1441700172314762,0.4341935668662103,0.6473109709408109,0.4660926423461626,0.5425182915658897,0.8583669354838708,0.7842741935483868,0.3724798387096775,0.6887773395482255,0.5644096454154567,0.4535749751737832,0.5707890318705531,0.1802290536467752,0.102270444042596,0.281293952180028,0.3034823363402712,0.6569210344533368,0.4035701192859759,0.6437991109557242,0.1424494553639615,0.7836327826681139,0.3739700148719804,0.5765031667773715,0.6135519174622268,0.6727591992820077,0.6667811720340747,0.25,0.000342
FARM0075,South USA,Soybean,0.3589890867317634,0.3618090452261309,0.1819556451612902,0.2145584629607299,0.9473578460920232,0.4858096828046745,0.0,Organic,0.15415460013366,2024-02-28,2024-07-17,0.8333333333333335,0.0958555675479844,SENS0075,2024-07-15,0.8357093452259511,0.8839238969991805,0.0333333333333333,Moderate,0.0,0.8571428571428572,1.0,0.8779437105112006,0.0034462952326249,0.3543940264215969,0.4351101308968006,0.6471418511801882,0.4509112096591459,0.5389862793856658,0.660282258064516,0.5322580645161288,0.2429435483870967,0.6743157643121789,0.6041049148566239,0.4357000993048658,0.5947952779211145,0.4705645971468756,0.6988145469158128,0.0994575045207957,0.5161517915637759,0.7694612110720507,0.5255914948817009,0.7052034372360476,0.5741388319466217,0.924233289119338,0.6596326218899475,0.4729116576699628,0.6761262322754353,0.5736605923440126,0.7057362888395228,0.75,0.0003684
FARM0100,South India,Cotton,0.4997128087306146,0.608040201005025,0.4753024193548385,0.8518027251899194,0.726140245127587,0.7045075125208682,0.0,Mixed,0.324793940744041,2024-03-16,2024-07-17,0.5499999999999998,0.3732932802982844,SENS0100,2024-07-16,0.1731700415193194,0.9124059427555138,0.35,Moderate,0.1666666666666666,0.8571428571428572,1.0,0.3589890867317634,0.2082136703044228,0.7501435956346928,0.3851573912296279,0.5867957089949538,0.4957433722849835,0.5214338959924013,0.1819556451612902,0.8583669354838708,0.342741935483871,0.7057487749492055,0.5643584625405575,0.4769943727242633,0.5656251710729956,0.9473578460920232,0.1802290536467752,0.154309825195901,0.6595776848258839,0.7199062371925621,0.5494768901046219,0.7272842939192109,0.2145584629607299,0.1424494553639615,0.2942642389163552,0.6026793649605677,0.6904901546115559,0.5934678269013152,0.7222602325393175,0.0,0.000359
FARM0226,North India,Wheat,0.1987363584147042,0.8592964824120601,0.5085685483870968,0.4211584066883718,0.145670082378943,0.0951585976627713,0.0,Mixed,0.6001336600579193,2024-03-17,2024-08-02,0.7999999999999998,0.1123371901990827,SENS0226,2024-07-18,0.659822315377074,0.9022522666869616,0.5333333333333332,,0.5,0.8571428571428572,1.0,0.4997128087306146,0.8779437105112006,0.0410683515221137,0.4166069945292583,0.5443848421493979,0.5057132683779497,0.5095954612026501,0.4753024193548385,0.660282258064516,0.5816532258064515,0.6884187880960919,0.568736655549684,0.5066203243958949,0.5536771698925705,0.726140245127587,0.4705645971468756,0.7659232469359051,0.5040064506375048,0.7602375325519102,0.5077972984405403,0.7580656049467367,0.8518027251899194,0.5741388319466217,0.6536034406527595,0.548577522897157,0.7012556926707577,0.6563234089046708,0.6490817205513332,1.0,0.000379
FARM0391,North India,Maize,0.3118897185525561,0.9798994974874372,0.1658266129032257,0.0610957032035049,0.7580872011251757,0.659432387312187,0.0,Mixed,0.0568055246157273,2024-03-23,2024-08-11,0.8500000000000001,0.65863341660943,SENS0391,2024-08-03,0.9733757323853576,0.4188932138586851,0.8833333333333331,Moderate,0.8333333333333333,1.0,1.0,0.1987363584147042,0.3589890867317634,0.535611717403791,0.3719817832898919,0.5301870289706122,0.486323762664681,0.5097179386831482,0.5085685483870968,0.1819556451612902,0.7842741935483868,0.541771244173539,0.6267559791774878,0.4326381992717643,0.5906978831411639,0.145670082378943,0.9473578460920232,0.102270444042596,0.6684977069999503,0.6949751803540568,0.4997039000592198,0.7447230504146451,0.4211584066883718,0.2145584629607299,0.7836327826681139,0.3804062081933934,0.7717393493118575,0.5359035392359626,0.7346421737639667,0.25,0.000361
FARM0333,Central USA,Cotton,0.8960367604824814,0.969849246231156,0.76008064516129,0.9982314401704252,0.6652601969057667,0.7996661101836395,0.0,Inorganic,0.6896858988638895,2024-03-16,2024-08-10,0.9500000000000002,0.0344073685508198,SENS0333,2024-08-04,0.1168124818034688,0.0238280522414515,0.6166666666666667,Mild,1.0,1.0,1.0,0.3118897185525561,0.4997128087306146,0.0034462952326249,0.5500243462320625,0.5643538760426583,0.5315119930081249,0.569371557566759,0.1658266129032257,0.4753024193548385,0.5322580645161288,0.5957929962949682,0.6814807218489705,0.5209367759020189,0.5978498290440369,0.7580872011251757,0.726140245127587,0.6988145469158128,0.6600816408809156,0.6898155934162902,0.5336284932743012,0.7608541283326303,0.0610957032035049,0.8518027251899194,0.924233289119338,0.3976293607506711,0.8113297653440447,0.5729035782573069,0.777619743803153,0.0,0.0003932
FARM0360,East Africa,Maize,0.8670304422745551,0.8994974874371859,0.410282258064516,0.3645242976003859,0.65581675708258,0.0884808013355592,0.0,Organic,0.1111606148362664,2024-03-17,2024-08-13,0.9833333333333334,0.1154820579007882,SENS0360,2024-08-12,0.9503681904937,0.931864801911488,0.25,,0.0,1.0,1.0,0.8960367604824814,0.1987363584147042,0.2082136703044228,0.6814367141179501,0.5725899799756238,0.5476968892629399,0.5946901513437456,0.76008064516129,0.5085685483870968,0.8583669354838708,0.4895422493127763,0.5655733372294262,0.5089374379344589,0.6010958408109703,0.6652601969057667,0.145670082378943,0.1802290536467752,0.7793680391069897,0.5784825356235334,0.579368884126223,0.7670827994175263,0.9982314401704252,0.4211584066883718,0.1424494553639615,0.4493175290716713,0.7565195151446434,0.4741717719592617,0.752430697115583,0.25,0.0003965
