image_path,mask_path
Weed\dataset\images\train\agri_0_1068.jpeg,Final\weed\data\agri_0_1068_mask.png
Weed\dataset\images\train\agri_0_2136.jpeg,Final\weed\data\agri_0_2136_mask.png
Weed\dataset\images\val\agri_0_3564.jpeg,Final\weed\data\agri_0_3564_mask.png
Weed\dataset\images\train\agri_0_8007.jpeg,Final\weed\data\agri_0_8007_mask.png
Weed\dataset\images\train\agri_0_6675.jpeg,Final\weed\data\agri_0_6675_mask.png
Weed\dataset\images\train\agri_0_357.jpeg,Final\weed\data\agri_0_357_mask.png
Weed\dataset\images\train\agri_0_6653.jpeg,Final\weed\data\agri_0_6653_mask.png
Weed\dataset\images\train\agri_0_4467.jpeg,Final\weed\data\agri_0_4467_mask.png
Weed\dataset\images\train\agri_0_4811.jpeg,Final\weed\data\agri_0_4811_mask.png
Weed\dataset\images\train\agri_0_3603.jpeg,Final\weed\data\agri_0_3603_mask.png
Weed\dataset\images\train\agri_0_4793.jpeg,Final\weed\data\agri_0_4793_mask.png
Weed\dataset\images\train\agri_0_1990.jpeg,Final\weed\data\agri_0_1990_mask.png
Weed\dataset\images\train\agri_0_3328.jpeg,Final\weed\data\agri_0_3328_mask.png
Weed\dataset\images\train\agri_0_3741.jpeg,Final\weed\data\agri_0_3741_mask.png
Weed\dataset\images\train\agri_0_4916.jpeg,Final\weed\data\agri_0_4916_mask.png
Weed\dataset\images\train\agri_0_6119.jpeg,Final\weed\data\agri_0_6119_mask.png
Weed\dataset\images\train\agri_0_6395.jpeg,Final\weed\data\agri_0_6395_mask.png
Weed\dataset\images\train\agri_0_223.jpeg,Final\weed\data\agri_0_223_mask.png
Weed\dataset\images\train\agri_0_3823.jpeg,Final\weed\data\agri_0_3823_mask.png
Weed\dataset\images\train\agri_0_8834.jpeg,Final\weed\data\agri_0_8834_mask.png
Weed\dataset\images\train\agri_0_9176.jpeg,Final\weed\data\agri_0_9176_mask.png
Weed\dataset\images\train\agri_0_5821.jpeg,Final\weed\data\agri_0_5821_mask.png
Weed\dataset\images\train\agri_0_8413.jpeg,Final\weed\data\agri_0_8413_mask.png
Weed\dataset\images\train\agri_0_6668.jpeg,Final\weed\data\agri_0_6668_mask.png
Weed\dataset\images\train\agri_0_7105.jpeg,Final\weed\data\agri_0_7105_mask.png
Weed\dataset\images\train\agri_0_1771.jpeg,Final\weed\data\agri_0_1771_mask.png
Weed\dataset\images\train\agri_0_3577.jpeg,Final\weed\data\agri_0_3577_mask.png
Weed\dataset\images\train\agri_0_6907.jpeg,Final\weed\data\agri_0_6907_mask.png
Weed\dataset\images\train\agri_0_879.jpeg,Final\weed\data\agri_0_879_mask.png
Weed\dataset\images\val\agri_0_4125.jpeg,Final\weed\data\agri_0_4125_mask.png
Weed\dataset\images\train\agri_0_2226.jpeg,Final\weed\data\agri_0_2226_mask.png
Weed\dataset\images\val\agri_0_7806.jpeg,Final\weed\data\agri_0_7806_mask.png
Weed\dataset\images\val\agri_0_8797.jpeg,Final\weed\data\agri_0_8797_mask.png
Weed\dataset\images\train\agri_0_5981.jpeg,Final\weed\data\agri_0_5981_mask.png
Weed\dataset\images\train\agri_0_3290.jpeg,Final\weed\data\agri_0_3290_mask.png
Weed\dataset\images\val\agri_0_4892.jpeg,Final\weed\data\agri_0_4892_mask.png
Weed\dataset\images\train\agri_0_3925.jpeg,Final\weed\data\agri_0_3925_mask.png
Weed\dataset\images\val\agri_0_4019.jpeg,Final\weed\data\agri_0_4019_mask.png
Weed\dataset\images\train\agri_0_8783.jpeg,Final\weed\data\agri_0_8783_mask.png
Weed\dataset\images\train\agri_0_7283.jpeg,Final\weed\data\agri_0_7283_mask.png
Weed\dataset\images\val\agri_0_4419.jpeg,Final\weed\data\agri_0_4419_mask.png
Weed\dataset\images\val\agri_0_3797.jpeg,Final\weed\data\agri_0_3797_mask.png
Weed\dataset\images\train\agri_0_8960.jpeg,Final\weed\data\agri_0_8960_mask.png
Weed\dataset\images\train\agri_0_8863.jpeg,Final\weed\data\agri_0_8863_mask.png
Weed\dataset\images\train\agri_0_7866.jpeg,Final\weed\data\agri_0_7866_mask.png
Weed\dataset\images\train\agri_0_5362.jpeg,Final\weed\data\agri_0_5362_mask.png
Weed\dataset\images\train\agri_0_526.jpeg,Final\weed\data\agri_0_526_mask.png
Weed\dataset\images\val\agri_0_7756.jpeg,Final\weed\data\agri_0_7756_mask.png
Weed\dataset\images\train\agri_0_2400.jpeg,Final\weed\data\agri_0_2400_mask.png
Weed\dataset\images\train\agri_0_9278.jpeg,Final\weed\data\agri_0_9278_mask.png
Weed\dataset\images\val\agri_0_7391.jpeg,Final\weed\data\agri_0_7391_mask.png
Weed\dataset\images\train\agri_0_8058.jpeg,Final\weed\data\agri_0_8058_mask.png
Weed\dataset\images\train\agri_0_3230.jpeg,Final\weed\data\agri_0_3230_mask.png
Weed\dataset\images\train\agri_0_5088.jpeg,Final\weed\data\agri_0_5088_mask.png
Weed\dataset\images\train\agri_0_899.jpeg,Final\weed\data\agri_0_899_mask.png
Weed\dataset\images\val\agri_0_4116.jpeg,Final\weed\data\agri_0_4116_mask.png
Weed\dataset\images\val\agri_0_7306.jpeg,Final\weed\data\agri_0_7306_mask.png
Weed\dataset\images\test\agri_0_1693.jpeg,Final\weed\data\agri_0_1693_mask.png
Weed\dataset\images\val\agri_0_9492.jpeg,Final\weed\data\agri_0_9492_mask.png
Weed\dataset\images\test\agri_0_39.jpeg,Final\weed\data\agri_0_39_mask.png
Weed\dataset\images\train\agri_0_871.jpeg,Final\weed\data\agri_0_871_mask.png
Weed\dataset\images\train\agri_0_4718.jpeg,Final\weed\data\agri_0_4718_mask.png
Weed\dataset\images\train\agri_0_603.jpeg,Final\weed\data\agri_0_603_mask.png
Weed\dataset\images\train\agri_0_5716.jpeg,Final\weed\data\agri_0_5716_mask.png
Weed\dataset\images\train\agri_0_3213.jpeg,Final\weed\data\agri_0_3213_mask.png
Weed\dataset\images\train\agri_0_318.jpeg,Final\weed\data\agri_0_318_mask.png
Weed\dataset\images\train\agri_0_8417.jpeg,Final\weed\data\agri_0_8417_mask.png
Weed\dataset\images\train\agri_0_9468.jpeg,Final\weed\data\agri_0_9468_mask.png
Weed\dataset\images\train\agri_0_8595.jpeg,Final\weed\data\agri_0_8595_mask.png
Weed\dataset\images\train\agri_0_3039.jpeg,Final\weed\data\agri_0_3039_mask.png
Weed\dataset\images\train\agri_0_347.jpeg,Final\weed\data\agri_0_347_mask.png
Weed\dataset\images\train\agri_0_3536.jpeg,Final\weed\data\agri_0_3536_mask.png
Weed\dataset\images\train\agri_0_1395.jpeg,Final\weed\data\agri_0_1395_mask.png
Weed\dataset\images\train\agri_0_7544.jpeg,Final\weed\data\agri_0_7544_mask.png
Weed\dataset\images\val\agri_0_9445.jpeg,Final\weed\data\agri_0_9445_mask.png
Weed\dataset\images\train\agri_0_9850.jpeg,Final\weed\data\agri_0_9850_mask.png
Weed\dataset\images\train\agri_0_6708.jpeg,Final\weed\data\agri_0_6708_mask.png
Weed\dataset\images\train\agri_0_6342.jpeg,Final\weed\data\agri_0_6342_mask.png
Weed\dataset\images\train\agri_0_3993.jpeg,Final\weed\data\agri_0_3993_mask.png
Weed\dataset\images\train\agri_0_3509.jpeg,Final\weed\data\agri_0_3509_mask.png
Weed\dataset\images\train\agri_0_5134.jpeg,Final\weed\data\agri_0_5134_mask.png
Weed\dataset\images\train\agri_0_6852.jpeg,Final\weed\data\agri_0_6852_mask.png
Weed\dataset\images\val\agri_0_4909.jpeg,Final\weed\data\agri_0_4909_mask.png
Weed\dataset\images\train\agri_0_7219.jpeg,Final\weed\data\agri_0_7219_mask.png
Weed\dataset\images\train\agri_0_9208.jpeg,Final\weed\data\agri_0_9208_mask.png
Weed\dataset\images\train\agri_0_9299.jpeg,Final\weed\data\agri_0_9299_mask.png
Weed\dataset\images\train\agri_0_6042.jpeg,Final\weed\data\agri_0_6042_mask.png
Weed\dataset\images\train\agri_0_6339.jpeg,Final\weed\data\agri_0_6339_mask.png
Weed\dataset\images\train\agri_0_4302.jpeg,Final\weed\data\agri_0_4302_mask.png
Weed\dataset\images\train\agri_0_3471.jpeg,Final\weed\data\agri_0_3471_mask.png
Weed\dataset\images\train\agri_0_4112.jpeg,Final\weed\data\agri_0_4112_mask.png
Weed\dataset\images\train\agri_0_8546.jpeg,Final\weed\data\agri_0_8546_mask.png
Weed\dataset\images\train\agri_0_7877.jpeg,Final\weed\data\agri_0_7877_mask.png
Weed\dataset\images\val\agri_0_1630.jpeg,Final\weed\data\agri_0_1630_mask.png
Weed\dataset\images\train\agri_0_1959.jpeg,Final\weed\data\agri_0_1959_mask.png
Weed\dataset\images\train\agri_0_6058.jpeg,Final\weed\data\agri_0_6058_mask.png
Weed\dataset\images\train\agri_0_8752.jpeg,Final\weed\data\agri_0_8752_mask.png
Weed\dataset\images\train\agri_0_2345.jpeg,Final\weed\data\agri_0_2345_mask.png
Weed\dataset\images\val\agri_0_5147.jpeg,Final\weed\data\agri_0_5147_mask.png
Weed\dataset\images\train\agri_0_3.jpeg,Final\weed\data\agri_0_3_mask.png
Weed\dataset\images\train\agri_0_5458.jpeg,Final\weed\data\agri_0_5458_mask.png
Weed\dataset\images\train\agri_0_5568.jpeg,Final\weed\data\agri_0_5568_mask.png
Weed\dataset\images\val\agri_0_8482.jpeg,Final\weed\data\agri_0_8482_mask.png
Weed\dataset\images\train\agri_0_8982.jpeg,Final\weed\data\agri_0_8982_mask.png
Weed\dataset\images\train\agri_0_3500.jpeg,Final\weed\data\agri_0_3500_mask.png
Weed\dataset\images\val\agri_0_3666.jpeg,Final\weed\data\agri_0_3666_mask.png
Weed\dataset\images\val\agri_0_2001.jpeg,Final\weed\data\agri_0_2001_mask.png
Weed\dataset\images\train\agri_0_3228.jpeg,Final\weed\data\agri_0_3228_mask.png
Weed\dataset\images\train\agri_0_8393.jpeg,Final\weed\data\agri_0_8393_mask.png
Weed\dataset\images\train\agri_0_4068.jpeg,Final\weed\data\agri_0_4068_mask.png
Weed\dataset\images\val\agri_0_2040.jpeg,Final\weed\data\agri_0_2040_mask.png
Weed\dataset\images\test\agri_0_9044.jpeg,Final\weed\data\agri_0_9044_mask.png
Weed\dataset\images\train\agri_0_5220.jpeg,Final\weed\data\agri_0_5220_mask.png
Weed\dataset\images\train\agri_0_6312.jpeg,Final\weed\data\agri_0_6312_mask.png
Weed\dataset\images\val\agri_0_203.jpeg,Final\weed\data\agri_0_203_mask.png
Weed\dataset\images\train\agri_0_9439.jpeg,Final\weed\data\agri_0_9439_mask.png
Weed\dataset\images\train\agri_0_7878.jpeg,Final\weed\data\agri_0_7878_mask.png
Weed\dataset\images\val\agri_0_2714.jpeg,Final\weed\data\agri_0_2714_mask.png
Weed\dataset\images\train\agri_0_4237.jpeg,Final\weed\data\agri_0_4237_mask.png
Weed\dataset\images\val\agri_0_3081.jpeg,Final\weed\data\agri_0_3081_mask.png
Weed\dataset\images\val\agri_0_3423.jpeg,Final\weed\data\agri_0_3423_mask.png
Weed\dataset\images\train\agri_0_9226.jpeg,Final\weed\data\agri_0_9226_mask.png
Weed\dataset\images\val\agri_0_3442.jpeg,Final\weed\data\agri_0_3442_mask.png
Weed\dataset\images\train\agri_0_4937.jpeg,Final\weed\data\agri_0_4937_mask.png
Weed\dataset\images\train\agri_0_5248.jpeg,Final\weed\data\agri_0_5248_mask.png
Weed\dataset\images\train\agri_0_5733.jpeg,Final\weed\data\agri_0_5733_mask.png
Weed\dataset\images\train\agri_0_6879.jpeg,Final\weed\data\agri_0_6879_mask.png
Weed\dataset\images\val\agri_0_7796.jpeg,Final\weed\data\agri_0_7796_mask.png
Weed\dataset\images\val\agri_0_757.jpeg,Final\weed\data\agri_0_757_mask.png
Weed\dataset\images\train\agri_0_6039.jpeg,Final\weed\data\agri_0_6039_mask.png
Weed\dataset\images\train\agri_0_6417.jpeg,Final\weed\data\agri_0_6417_mask.png
Weed\dataset\images\train\agri_0_8330.jpeg,Final\weed\data\agri_0_8330_mask.png
Weed\dataset\images\train\agri_0_4123.jpeg,Final\weed\data\agri_0_4123_mask.png
Weed\dataset\images\train\agri_0_5128.jpeg,Final\weed\data\agri_0_5128_mask.png
Weed\dataset\images\train\agri_0_5744.jpeg,Final\weed\data\agri_0_5744_mask.png
Weed\dataset\images\val\agri_0_8046.jpeg,Final\weed\data\agri_0_8046_mask.png
Weed\dataset\images\train\agri_0_6679.jpeg,Final\weed\data\agri_0_6679_mask.png
Weed\dataset\images\val\agri_0_6216.jpeg,Final\weed\data\agri_0_6216_mask.png
Weed\dataset\images\train\agri_0_654.jpeg,Final\weed\data\agri_0_654_mask.png
Weed\dataset\images\train\agri_0_3412.jpeg,Final\weed\data\agri_0_3412_mask.png
Weed\dataset\images\train\agri_0_4107.jpeg,Final\weed\data\agri_0_4107_mask.png
Weed\dataset\images\train\agri_0_6160.jpeg,Final\weed\data\agri_0_6160_mask.png
Weed\dataset\images\train\agri_0_789.jpeg,Final\weed\data\agri_0_789_mask.png
Weed\dataset\images\train\agri_0_4034.jpeg,Final\weed\data\agri_0_4034_mask.png
Weed\dataset\images\val\agri_0_122.jpeg,Final\weed\data\agri_0_122_mask.png
Weed\dataset\images\train\agri_0_1174.jpeg,Final\weed\data\agri_0_1174_mask.png
Weed\dataset\images\train\agri_0_2854.jpeg,Final\weed\data\agri_0_2854_mask.png
Weed\dataset\images\train\agri_0_5818.jpeg,Final\weed\data\agri_0_5818_mask.png
Weed\dataset\images\train\agri_0_7241.jpeg,Final\weed\data\agri_0_7241_mask.png
Weed\dataset\images\train\agri_0_1992.jpeg,Final\weed\data\agri_0_1992_mask.png
Weed\dataset\images\val\agri_0_333.jpeg,Final\weed\data\agri_0_333_mask.png
Weed\dataset\images\train\agri_0_8585.jpeg,Final\weed\data\agri_0_8585_mask.png
Weed\dataset\images\val\agri_0_7985.jpeg,Final\weed\data\agri_0_7985_mask.png
Weed\dataset\images\val\agri_0_7495.jpeg,Final\weed\data\agri_0_7495_mask.png
Weed\dataset\images\train\agri_0_8980.jpeg,Final\weed\data\agri_0_8980_mask.png
Weed\dataset\images\train\agri_0_9899.jpeg,Final\weed\data\agri_0_9899_mask.png
Weed\dataset\images\val\agri_0_8800.jpeg,Final\weed\data\agri_0_8800_mask.png
Weed\dataset\images\train\agri_0_1020.jpeg,Final\weed\data\agri_0_1020_mask.png
Weed\dataset\images\val\agri_0_1858.jpeg,Final\weed\data\agri_0_1858_mask.png
Weed\dataset\images\train\agri_0_5953.jpeg,Final\weed\data\agri_0_5953_mask.png
Weed\dataset\images\train\agri_0_8803.jpeg,Final\weed\data\agri_0_8803_mask.png
Weed\dataset\images\train\agri_0_8478.jpeg,Final\weed\data\agri_0_8478_mask.png
Weed\dataset\images\train\agri_0_8095.jpeg,Final\weed\data\agri_0_8095_mask.png
Weed\dataset\images\train\agri_0_7106.jpeg,Final\weed\data\agri_0_7106_mask.png
Weed\dataset\images\val\agri_0_3796.jpeg,Final\weed\data\agri_0_3796_mask.png
Weed\dataset\images\train\agri_0_8322.jpeg,Final\weed\data\agri_0_8322_mask.png
Weed\dataset\images\train\agri_0_4463.jpeg,Final\weed\data\agri_0_4463_mask.png
Weed\dataset\images\val\agri_0_3378.jpeg,Final\weed\data\agri_0_3378_mask.png
Weed\dataset\images\train\agri_0_8357.jpeg,Final\weed\data\agri_0_8357_mask.png
Weed\dataset\images\train\agri_0_3403.jpeg,Final\weed\data\agri_0_3403_mask.png
Weed\dataset\images\train\agri_0_9875.jpeg,Final\weed\data\agri_0_9875_mask.png
Weed\dataset\images\train\agri_0_6717.jpeg,Final\weed\data\agri_0_6717_mask.png
Weed\dataset\images\train\agri_0_1026.jpeg,Final\weed\data\agri_0_1026_mask.png
Weed\dataset\images\train\agri_0_1793.jpeg,Final\weed\data\agri_0_1793_mask.png
Weed\dataset\images\train\agri_0_4033.jpeg,Final\weed\data\agri_0_4033_mask.png
Weed\dataset\images\train\agri_0_9132.jpeg,Final\weed\data\agri_0_9132_mask.png
Weed\dataset\images\train\agri_0_5246.jpeg,Final\weed\data\agri_0_5246_mask.png
Weed\dataset\images\val\agri_0_7788.jpeg,Final\weed\data\agri_0_7788_mask.png
Weed\dataset\images\train\agri_0_6851.jpeg,Final\weed\data\agri_0_6851_mask.png
Weed\dataset\images\train\agri_0_4029.jpeg,Final\weed\data\agri_0_4029_mask.png
Weed\dataset\images\train\agri_0_7637.jpeg,Final\weed\data\agri_0_7637_mask.png
Weed\dataset\images\train\agri_0_8913.jpeg,Final\weed\data\agri_0_8913_mask.png
Weed\dataset\images\train\agri_0_8572.jpeg,Final\weed\data\agri_0_8572_mask.png
Weed\dataset\images\val\agri_0_5210.jpeg,Final\weed\data\agri_0_5210_mask.png
Weed\dataset\images\train\agri_0_2727.jpeg,Final\weed\data\agri_0_2727_mask.png
Weed\dataset\images\train\agri_0_4391.jpeg,Final\weed\data\agri_0_4391_mask.png
Weed\dataset\images\train\agri_0_5389.jpeg,Final\weed\data\agri_0_5389_mask.png
Weed\dataset\images\train\agri_0_6196.jpeg,Final\weed\data\agri_0_6196_mask.png
Weed\dataset\images\train\agri_0_4687.jpeg,Final\weed\data\agri_0_4687_mask.png
Weed\dataset\images\train\agri_0_1508.jpeg,Final\weed\data\agri_0_1508_mask.png
Weed\dataset\images\train\agri_0_9030.jpeg,Final\weed\data\agri_0_9030_mask.png
Weed\dataset\images\train\agri_0_1509.jpeg,Final\weed\data\agri_0_1509_mask.png
Weed\dataset\images\val\agri_0_9312.jpeg,Final\weed\data\agri_0_9312_mask.png
Weed\dataset\images\val\agri_0_2644.jpeg,Final\weed\data\agri_0_2644_mask.png
Weed\dataset\images\train\agri_0_1082.jpeg,Final\weed\data\agri_0_1082_mask.png
Weed\dataset\images\train\agri_0_9601.jpeg,Final\weed\data\agri_0_9601_mask.png
Weed\dataset\images\val\agri_0_6270.jpeg,Final\weed\data\agri_0_6270_mask.png
Weed\dataset\images\train\agri_0_3259.jpeg,Final\weed\data\agri_0_3259_mask.png
Weed\dataset\images\train\agri_0_4947.jpeg,Final\weed\data\agri_0_4947_mask.png
Weed\dataset\images\test\agri_0_7294.jpeg,Final\weed\data\agri_0_7294_mask.png
Weed\dataset\images\train\agri_0_9109.jpeg,Final\weed\data\agri_0_9109_mask.png
Weed\dataset\images\train\agri_0_6419.jpeg,Final\weed\data\agri_0_6419_mask.png
Weed\dataset\images\train\agri_0_9126.jpeg,Final\weed\data\agri_0_9126_mask.png
Weed\dataset\images\val\agri_0_5896.jpeg,Final\weed\data\agri_0_5896_mask.png
Weed\dataset\images\train\agri_0_9485.jpeg,Final\weed\data\agri_0_9485_mask.png
Weed\dataset\images\val\agri_0_4499.jpeg,Final\weed\data\agri_0_4499_mask.png
Weed\dataset\images\train\agri_0_543.jpeg,Final\weed\data\agri_0_543_mask.png
Weed\dataset\images\train\agri_0_9032.jpeg,Final\weed\data\agri_0_9032_mask.png
Weed\dataset\images\val\agri_0_9381.jpeg,Final\weed\data\agri_0_9381_mask.png
Weed\dataset\images\train\agri_0_9047.jpeg,Final\weed\data\agri_0_9047_mask.png
Weed\dataset\images\val\agri_0_6504.jpeg,Final\weed\data\agri_0_6504_mask.png
Weed\dataset\images\train\agri_0_882.jpeg,Final\weed\data\agri_0_882_mask.png
Weed\dataset\images\train\agri_0_3077.jpeg,Final\weed\data\agri_0_3077_mask.png
Weed\dataset\images\train\agri_0_4645.jpeg,Final\weed\data\agri_0_4645_mask.png
Weed\dataset\images\train\agri_0_3703.jpeg,Final\weed\data\agri_0_3703_mask.png
Weed\dataset\images\train\agri_0_2807.jpeg,Final\weed\data\agri_0_2807_mask.png
Weed\dataset\images\val\agri_0_9216.jpeg,Final\weed\data\agri_0_9216_mask.png
Weed\dataset\images\train\agri_0_7534.jpeg,Final\weed\data\agri_0_7534_mask.png
Weed\dataset\images\train\agri_0_1018.jpeg,Final\weed\data\agri_0_1018_mask.png
Weed\dataset\images\train\agri_0_1028.jpeg,Final\weed\data\agri_0_1028_mask.png
Weed\dataset\images\train\agri_0_3748.jpeg,Final\weed\data\agri_0_3748_mask.png
Weed\dataset\images\train\agri_0_3331.jpeg,Final\weed\data\agri_0_3331_mask.png
Weed\dataset\images\train\agri_0_8788.jpeg,Final\weed\data\agri_0_8788_mask.png
Weed\dataset\images\train\agri_0_665.jpeg,Final\weed\data\agri_0_665_mask.png
Weed\dataset\images\val\agri_0_5145.jpeg,Final\weed\data\agri_0_5145_mask.png
Weed\dataset\images\train\agri_0_600.jpeg,Final\weed\data\agri_0_600_mask.png
Weed\dataset\images\val\agri_0_8073.jpeg,Final\weed\data\agri_0_8073_mask.png
Weed\dataset\images\val\agri_0_2670.jpeg,Final\weed\data\agri_0_2670_mask.png
Weed\dataset\images\train\agri_0_4806.jpeg,Final\weed\data\agri_0_4806_mask.png
Weed\dataset\images\train\agri_0_6010.jpeg,Final\weed\data\agri_0_6010_mask.png
Weed\dataset\images\val\agri_0_1168.jpeg,Final\weed\data\agri_0_1168_mask.png
Weed\dataset\images\train\agri_0_7141.jpeg,Final\weed\data\agri_0_7141_mask.png
Weed\dataset\images\val\agri_0_9612.jpeg,Final\weed\data\agri_0_9612_mask.png
Weed\dataset\images\train\agri_0_4651.jpeg,Final\weed\data\agri_0_4651_mask.png
Weed\dataset\images\train\agri_0_4690.jpeg,Final\weed\data\agri_0_4690_mask.png
Weed\dataset\images\val\agri_0_741.jpeg,Final\weed\data\agri_0_741_mask.png
Weed\dataset\images\val\agri_0_7629.jpeg,Final\weed\data\agri_0_7629_mask.png
Weed\dataset\images\val\agri_0_5066.jpeg,Final\weed\data\agri_0_5066_mask.png
Weed\dataset\images\train\agri_0_7034.jpeg,Final\weed\data\agri_0_7034_mask.png
Weed\dataset\images\train\agri_0_9796.jpeg,Final\weed\data\agri_0_9796_mask.png
Weed\dataset\images\val\agri_0_3657.jpeg,Final\weed\data\agri_0_3657_mask.png
Weed\dataset\images\train\agri_0_8899.jpeg,Final\weed\data\agri_0_8899_mask.png
Weed\dataset\images\train\agri_0_8914.jpeg,Final\weed\data\agri_0_8914_mask.png
Weed\dataset\images\train\agri_0_2971.jpeg,Final\weed\data\agri_0_2971_mask.png
Weed\dataset\images\train\agri_0_3226.jpeg,Final\weed\data\agri_0_3226_mask.png
Weed\dataset\images\train\agri_0_1146.jpeg,Final\weed\data\agri_0_1146_mask.png
Weed\dataset\images\train\agri_0_3530.jpeg,Final\weed\data\agri_0_3530_mask.png
Weed\dataset\images\train\agri_0_4753.jpeg,Final\weed\data\agri_0_4753_mask.png
Weed\dataset\images\val\agri_0_1314.jpeg,Final\weed\data\agri_0_1314_mask.png
Weed\dataset\images\val\agri_0_3398.jpeg,Final\weed\data\agri_0_3398_mask.png
Weed\dataset\images\train\agri_0_1835.jpeg,Final\weed\data\agri_0_1835_mask.png
Weed\dataset\images\train\agri_0_7586.jpeg,Final\weed\data\agri_0_7586_mask.png
Weed\dataset\images\train\agri_0_136.jpeg,Final\weed\data\agri_0_136_mask.png
Weed\dataset\images\train\agri_0_5370.jpeg,Final\weed\data\agri_0_5370_mask.png
Weed\dataset\images\train\agri_0_2653.jpeg,Final\weed\data\agri_0_2653_mask.png
Weed\dataset\images\train\agri_0_1908.jpeg,Final\weed\data\agri_0_1908_mask.png
Weed\dataset\images\val\agri_0_7018.jpeg,Final\weed\data\agri_0_7018_mask.png
Weed\dataset\images\train\agri_0_4955.jpeg,Final\weed\data\agri_0_4955_mask.png
Weed\dataset\images\train\agri_0_1530.jpeg,Final\weed\data\agri_0_1530_mask.png
Weed\dataset\images\train\agri_0_6652.jpeg,Final\weed\data\agri_0_6652_mask.png
Weed\dataset\images\train\agri_0_129.jpeg,Final\weed\data\agri_0_129_mask.png
Weed\dataset\images\train\agri_0_7959.jpeg,Final\weed\data\agri_0_7959_mask.png
Weed\dataset\images\train\agri_0_5994.jpeg,Final\weed\data\agri_0_5994_mask.png
Weed\dataset\images\train\agri_0_5634.jpeg,Final\weed\data\agri_0_5634_mask.png
Weed\dataset\images\train\agri_0_7489.jpeg,Final\weed\data\agri_0_7489_mask.png
Weed\dataset\images\train\agri_0_4326.jpeg,Final\weed\data\agri_0_4326_mask.png
Weed\dataset\images\train\agri_0_7625.jpeg,Final\weed\data\agri_0_7625_mask.png
Weed\dataset\images\train\agri_0_8746.jpeg,Final\weed\data\agri_0_8746_mask.png
Weed\dataset\images\train\agri_0_5216.jpeg,Final\weed\data\agri_0_5216_mask.png
Weed\dataset\images\train\agri_0_14.jpeg,Final\weed\data\agri_0_14_mask.png
Weed\dataset\images\train\agri_0_1729.jpeg,Final\weed\data\agri_0_1729_mask.png
Weed\dataset\images\train\agri_0_4785.jpeg,Final\weed\data\agri_0_4785_mask.png
Weed\dataset\images\val\agri_0_2521.jpeg,Final\weed\data\agri_0_2521_mask.png
Weed\dataset\images\train\agri_0_3136.jpeg,Final\weed\data\agri_0_3136_mask.png
Weed\dataset\images\train\agri_0_3680.jpeg,Final\weed\data\agri_0_3680_mask.png
Weed\dataset\images\train\agri_0_4675.jpeg,Final\weed\data\agri_0_4675_mask.png
Weed\dataset\images\val\agri_0_5426.jpeg,Final\weed\data\agri_0_5426_mask.png
Weed\dataset\images\train\agri_0_5169.jpeg,Final\weed\data\agri_0_5169_mask.png
Weed\dataset\images\train\agri_0_2441.jpeg,Final\weed\data\agri_0_2441_mask.png
Weed\dataset\images\train\agri_0_1852.jpeg,Final\weed\data\agri_0_1852_mask.png
Weed\dataset\images\val\agri_0_6783.jpeg,Final\weed\data\agri_0_6783_mask.png
Weed\dataset\images\train\agri_0_6189.jpeg,Final\weed\data\agri_0_6189_mask.png
Weed\dataset\images\train\agri_0_2567.jpeg,Final\weed\data\agri_0_2567_mask.png
Weed\dataset\images\train\agri_0_866.jpeg,Final\weed\data\agri_0_866_mask.png
Weed\dataset\images\val\agri_0_7636.jpeg,Final\weed\data\agri_0_7636_mask.png
Weed\dataset\images\train\agri_0_6286.jpeg,Final\weed\data\agri_0_6286_mask.png
Weed\dataset\images\train\agri_0_6572.jpeg,Final\weed\data\agri_0_6572_mask.png
Weed\dataset\images\val\agri_0_9043.jpeg,Final\weed\data\agri_0_9043_mask.png
Weed\dataset\images\train\agri_0_5087.jpeg,Final\weed\data\agri_0_5087_mask.png
Weed\dataset\images\train\agri_0_2442.jpeg,Final\weed\data\agri_0_2442_mask.png
Weed\dataset\images\val\agri_0_1993.jpeg,Final\weed\data\agri_0_1993_mask.png
Weed\dataset\images\train\agri_0_6157.jpeg,Final\weed\data\agri_0_6157_mask.png
Weed\dataset\images\train\agri_0_1612.jpeg,Final\weed\data\agri_0_1612_mask.png
Weed\dataset\images\train\agri_0_9252.jpeg,Final\weed\data\agri_0_9252_mask.png
Weed\dataset\images\train\agri_0_4862.jpeg,Final\weed\data\agri_0_4862_mask.png
Weed\dataset\images\val\agri_0_8388.jpeg,Final\weed\data\agri_0_8388_mask.png
Weed\dataset\images\val\agri_0_4416.jpeg,Final\weed\data\agri_0_4416_mask.png
Weed\dataset\images\train\agri_0_2320.jpeg,Final\weed\data\agri_0_2320_mask.png
Weed\dataset\images\train\agri_0_2895.jpeg,Final\weed\data\agri_0_2895_mask.png
Weed\dataset\images\train\agri_0_3289.jpeg,Final\weed\data\agri_0_3289_mask.png
Weed\dataset\images\train\agri_0_7279.jpeg,Final\weed\data\agri_0_7279_mask.png
Weed\dataset\images\train\agri_0_5039.jpeg,Final\weed\data\agri_0_5039_mask.png
Weed\dataset\images\train\agri_0_3514.jpeg,Final\weed\data\agri_0_3514_mask.png
Weed\dataset\images\train\agri_0_1779.jpeg,Final\weed\data\agri_0_1779_mask.png
Weed\dataset\images\train\agri_0_9055.jpeg,Final\weed\data\agri_0_9055_mask.png
Weed\dataset\images\train\agri_0_6013.jpeg,Final\weed\data\agri_0_6013_mask.png
Weed\dataset\images\train\agri_0_7613.jpeg,Final\weed\data\agri_0_7613_mask.png
Weed\dataset\images\train\agri_0_7209.jpeg,Final\weed\data\agri_0_7209_mask.png
Weed\dataset\images\train\agri_0_9873.jpeg,Final\weed\data\agri_0_9873_mask.png
Weed\dataset\images\val\agri_0_9143.jpeg,Final\weed\data\agri_0_9143_mask.png
Weed\dataset\images\train\agri_0_9145.jpeg,Final\weed\data\agri_0_9145_mask.png
Weed\dataset\images\train\agri_0_3276.jpeg,Final\weed\data\agri_0_3276_mask.png
Weed\dataset\images\train\agri_0_8440.jpeg,Final\weed\data\agri_0_8440_mask.png
Weed\dataset\images\test\agri_0_3869.jpeg,Final\weed\data\agri_0_3869_mask.png
Weed\dataset\images\val\agri_0_2786.jpeg,Final\weed\data\agri_0_2786_mask.png
Weed\dataset\images\train\agri_0_7668.jpeg,Final\weed\data\agri_0_7668_mask.png
Weed\dataset\images\val\agri_0_6820.jpeg,Final\weed\data\agri_0_6820_mask.png
Weed\dataset\images\train\agri_0_3283.jpeg,Final\weed\data\agri_0_3283_mask.png
Weed\dataset\images\train\agri_0_7340.jpeg,Final\weed\data\agri_0_7340_mask.png
Weed\dataset\images\val\agri_0_838.jpeg,Final\weed\data\agri_0_838_mask.png
Weed\dataset\images\val\agri_0_2901.jpeg,Final\weed\data\agri_0_2901_mask.png
Weed\dataset\images\train\agri_0_7222.jpeg,Final\weed\data\agri_0_7222_mask.png
Weed\dataset\images\train\agri_0_9152.jpeg,Final\weed\data\agri_0_9152_mask.png
Weed\dataset\images\val\agri_0_1518.jpeg,Final\weed\data\agri_0_1518_mask.png
Weed\dataset\images\train\agri_0_1750.jpeg,Final\weed\data\agri_0_1750_mask.png
Weed\dataset\images\val\agri_0_8422.jpeg,Final\weed\data\agri_0_8422_mask.png
Weed\dataset\images\train\agri_0_1193.jpeg,Final\weed\data\agri_0_1193_mask.png
Weed\dataset\images\train\agri_0_7322.jpeg,Final\weed\data\agri_0_7322_mask.png
Weed\dataset\images\train\agri_0_4216.jpeg,Final\weed\data\agri_0_4216_mask.png
Weed\dataset\images\train\agri_0_4209.jpeg,Final\weed\data\agri_0_4209_mask.png
Weed\dataset\images\train\agri_0_780.jpeg,Final\weed\data\agri_0_780_mask.png
Weed\dataset\images\train\agri_0_9563.jpeg,Final\weed\data\agri_0_9563_mask.png
Weed\dataset\images\train\agri_0_6565.jpeg,Final\weed\data\agri_0_6565_mask.png
Weed\dataset\images\train\agri_0_1572.jpeg,Final\weed\data\agri_0_1572_mask.png
Weed\dataset\images\val\agri_0_164.jpeg,Final\weed\data\agri_0_164_mask.png
Weed\dataset\images\val\agri_0_9000.jpeg,Final\weed\data\agri_0_9000_mask.png
Weed\dataset\images\val\agri_0_1627.jpeg,Final\weed\data\agri_0_1627_mask.png
Weed\dataset\images\train\agri_0_4273.jpeg,Final\weed\data\agri_0_4273_mask.png
Weed\dataset\images\val\agri_0_8493.jpeg,Final\weed\data\agri_0_8493_mask.png
Weed\dataset\images\train\agri_0_7091.jpeg,Final\weed\data\agri_0_7091_mask.png
Weed\dataset\images\train\agri_0_4118.jpeg,Final\weed\data\agri_0_4118_mask.png
Weed\dataset\images\train\agri_0_8072.jpeg,Final\weed\data\agri_0_8072_mask.png
Weed\dataset\images\train\agri_0_8252.jpeg,Final\weed\data\agri_0_8252_mask.png
Weed\dataset\images\train\agri_0_3983.jpeg,Final\weed\data\agri_0_3983_mask.png
Weed\dataset\images\train\agri_0_8866.jpeg,Final\weed\data\agri_0_8866_mask.png
Weed\dataset\images\train\agri_0_5992.jpeg,Final\weed\data\agri_0_5992_mask.png
Weed\dataset\images\train\agri_0_6279.jpeg,Final\weed\data\agri_0_6279_mask.png
Weed\dataset\images\train\agri_0_1815.jpeg,Final\weed\data\agri_0_1815_mask.png
Weed\dataset\images\train\agri_0_551.jpeg,Final\weed\data\agri_0_551_mask.png
Weed\dataset\images\train\agri_0_5967.jpeg,Final\weed\data\agri_0_5967_mask.png
Weed\dataset\images\train\agri_0_1463.jpeg,Final\weed\data\agri_0_1463_mask.png
Weed\dataset\images\train\agri_0_3143.jpeg,Final\weed\data\agri_0_3143_mask.png
Weed\dataset\images\val\agri_0_6387.jpeg,Final\weed\data\agri_0_6387_mask.png
Weed\dataset\images\train\agri_0_2808.jpeg,Final\weed\data\agri_0_2808_mask.png
Weed\dataset\images\train\agri_0_270.jpeg,Final\weed\data\agri_0_270_mask.png
Weed\dataset\images\train\agri_0_2095.jpeg,Final\weed\data\agri_0_2095_mask.png
Weed\dataset\images\train\agri_0_9376.jpeg,Final\weed\data\agri_0_9376_mask.png
Weed\dataset\images\train\agri_0_376.jpeg,Final\weed\data\agri_0_376_mask.png
Weed\dataset\images\val\agri_0_1885.jpeg,Final\weed\data\agri_0_1885_mask.png
Weed\dataset\images\train\agri_0_7623.jpeg,Final\weed\data\agri_0_7623_mask.png
Weed\dataset\images\val\agri_0_2906.jpeg,Final\weed\data\agri_0_2906_mask.png
Weed\dataset\images\train\agri_0_9608.jpeg,Final\weed\data\agri_0_9608_mask.png
Weed\dataset\images\val\agri_0_106.jpeg,Final\weed\data\agri_0_106_mask.png
Weed\dataset\images\train\agri_0_4218.jpeg,Final\weed\data\agri_0_4218_mask.png
Weed\dataset\images\train\agri_0_2964.jpeg,Final\weed\data\agri_0_2964_mask.png
Weed\dataset\images\val\agri_0_5231.jpeg,Final\weed\data\agri_0_5231_mask.png
Weed\dataset\images\train\agri_0_3880.jpeg,Final\weed\data\agri_0_3880_mask.png
Weed\dataset\images\train\agri_0_6097.jpeg,Final\weed\data\agri_0_6097_mask.png
Weed\dataset\images\train\agri_0_8269.jpeg,Final\weed\data\agri_0_8269_mask.png
Weed\dataset\images\train\agri_0_4951.jpeg,Final\weed\data\agri_0_4951_mask.png
Weed\dataset\images\train\agri_0_4301.jpeg,Final\weed\data\agri_0_4301_mask.png
Weed\dataset\images\val\agri_0_9260.jpeg,Final\weed\data\agri_0_9260_mask.png
Weed\dataset\images\train\agri_0_2088.jpeg,Final\weed\data\agri_0_2088_mask.png
Weed\dataset\images\train\agri_0_4557.jpeg,Final\weed\data\agri_0_4557_mask.png
Weed\dataset\images\train\agri_0_9272.jpeg,Final\weed\data\agri_0_9272_mask.png
Weed\dataset\images\val\agri_0_4845.jpeg,Final\weed\data\agri_0_4845_mask.png
Weed\dataset\images\train\agri_0_2393.jpeg,Final\weed\data\agri_0_2393_mask.png
Weed\dataset\images\train\agri_0_9617.jpeg,Final\weed\data\agri_0_9617_mask.png
Weed\dataset\images\train\agri_0_6703.jpeg,Final\weed\data\agri_0_6703_mask.png
Weed\dataset\images\train\agri_0_5808.jpeg,Final\weed\data\agri_0_5808_mask.png
Weed\dataset\images\train\agri_0_9916.jpeg,Final\weed\data\agri_0_9916_mask.png
Weed\dataset\images\val\agri_0_1041.jpeg,Final\weed\data\agri_0_1041_mask.png
Weed\dataset\images\train\agri_0_5632.jpeg,Final\weed\data\agri_0_5632_mask.png
Weed\dataset\images\train\agri_0_8183.jpeg,Final\weed\data\agri_0_8183_mask.png
Weed\dataset\images\val\agri_0_3669.jpeg,Final\weed\data\agri_0_3669_mask.png
Weed\dataset\images\train\agri_0_3473.jpeg,Final\weed\data\agri_0_3473_mask.png
Weed\dataset\images\train\agri_0_7901.jpeg,Final\weed\data\agri_0_7901_mask.png
Weed\dataset\images\train\agri_0_7844.jpeg,Final\weed\data\agri_0_7844_mask.png
Weed\dataset\images\train\agri_0_2997.jpeg,Final\weed\data\agri_0_2997_mask.png
Weed\dataset\images\train\agri_0_8146.jpeg,Final\weed\data\agri_0_8146_mask.png
Weed\dataset\images\val\agri_0_3756.jpeg,Final\weed\data\agri_0_3756_mask.png
Weed\dataset\images\train\agri_0_7370.jpeg,Final\weed\data\agri_0_7370_mask.png
Weed\dataset\images\train\agri_0_8184.jpeg,Final\weed\data\agri_0_8184_mask.png
Weed\dataset\images\train\agri_0_9772.jpeg,Final\weed\data\agri_0_9772_mask.png
Weed\dataset\images\train\agri_0_4707.jpeg,Final\weed\data\agri_0_4707_mask.png
Weed\dataset\images\train\agri_0_9740.jpeg,Final\weed\data\agri_0_9740_mask.png
Weed\dataset\images\train\agri_0_8821.jpeg,Final\weed\data\agri_0_8821_mask.png
Weed\dataset\images\train\agri_0_7177.jpeg,Final\weed\data\agri_0_7177_mask.png
Weed\dataset\images\train\agri_0_9489.jpeg,Final\weed\data\agri_0_9489_mask.png
Weed\dataset\images\train\agri_0_4127.jpeg,Final\weed\data\agri_0_4127_mask.png
Weed\dataset\images\train\agri_0_4778.jpeg,Final\weed\data\agri_0_4778_mask.png
Weed\dataset\images\train\agri_0_8872.jpeg,Final\weed\data\agri_0_8872_mask.png
Weed\dataset\images\train\agri_0_2722.jpeg,Final\weed\data\agri_0_2722_mask.png
Weed\dataset\images\train\agri_0_2735.jpeg,Final\weed\data\agri_0_2735_mask.png
Weed\dataset\images\train\agri_0_8838.jpeg,Final\weed\data\agri_0_8838_mask.png
Weed\dataset\images\train\agri_0_2649.jpeg,Final\weed\data\agri_0_2649_mask.png
Weed\dataset\images\train\agri_0_1610.jpeg,Final\weed\data\agri_0_1610_mask.png
Weed\dataset\images\val\agri_0_2144.jpeg,Final\weed\data\agri_0_2144_mask.png
Weed\dataset\images\train\agri_0_9908.jpeg,Final\weed\data\agri_0_9908_mask.png
Weed\dataset\images\test\agri_0_7942.jpeg,Final\weed\data\agri_0_7942_mask.png
Weed\dataset\images\train\agri_0_975.jpeg,Final\weed\data\agri_0_975_mask.png
Weed\dataset\images\val\agri_0_1985.jpeg,Final\weed\data\agri_0_1985_mask.png
Weed\dataset\images\train\agri_0_7459.jpeg,Final\weed\data\agri_0_7459_mask.png
Weed\dataset\images\train\agri_0_3992.jpeg,Final\weed\data\agri_0_3992_mask.png
Weed\dataset\images\val\agri_0_6468.jpeg,Final\weed\data\agri_0_6468_mask.png
Weed\dataset\images\train\agri_0_4586.jpeg,Final\weed\data\agri_0_4586_mask.png
Weed\dataset\images\val\agri_0_8168.jpeg,Final\weed\data\agri_0_8168_mask.png
Weed\dataset\images\train\agri_0_4561.jpeg,Final\weed\data\agri_0_4561_mask.png
Weed\dataset\images\val\agri_0_6498.jpeg,Final\weed\data\agri_0_6498_mask.png
Weed\dataset\images\train\agri_0_3592.jpeg,Final\weed\data\agri_0_3592_mask.png
Weed\dataset\images\train\agri_0_3860.jpeg,Final\weed\data\agri_0_3860_mask.png
Weed\dataset\images\val\agri_0_1009.jpeg,Final\weed\data\agri_0_1009_mask.png
Weed\dataset\images\val\agri_0_3682.jpeg,Final\weed\data\agri_0_3682_mask.png
Weed\dataset\images\train\agri_0_9451.jpeg,Final\weed\data\agri_0_9451_mask.png
Weed\dataset\images\val\agri_0_4383.jpeg,Final\weed\data\agri_0_4383_mask.png
Weed\dataset\images\train\agri_0_8780.jpeg,Final\weed\data\agri_0_8780_mask.png
Weed\dataset\images\train\agri_0_7382.jpeg,Final\weed\data\agri_0_7382_mask.png
Weed\dataset\images\train\agri_0_7344.jpeg,Final\weed\data\agri_0_7344_mask.png
Weed\dataset\images\train\agri_0_7188.jpeg,Final\weed\data\agri_0_7188_mask.png
Weed\dataset\images\train\agri_0_607.jpeg,Final\weed\data\agri_0_607_mask.png
Weed\dataset\images\train\agri_0_2363.jpeg,Final\weed\data\agri_0_2363_mask.png
Weed\dataset\images\val\agri_0_4222.jpeg,Final\weed\data\agri_0_4222_mask.png
Weed\dataset\images\train\agri_0_1932.jpeg,Final\weed\data\agri_0_1932_mask.png
Weed\dataset\images\train\agri_0_6212.jpeg,Final\weed\data\agri_0_6212_mask.png
Weed\dataset\images\train\agri_0_4771.jpeg,Final\weed\data\agri_0_4771_mask.png
Weed\dataset\images\train\agri_0_172.jpeg,Final\weed\data\agri_0_172_mask.png
Weed\dataset\images\val\agri_0_9696.jpeg,Final\weed\data\agri_0_9696_mask.png
Weed\dataset\images\train\agri_0_2438.jpeg,Final\weed\data\agri_0_2438_mask.png
Weed\dataset\images\train\agri_0_6353.jpeg,Final\weed\data\agri_0_6353_mask.png
Weed\dataset\images\train\agri_0_4010.jpeg,Final\weed\data\agri_0_4010_mask.png
Weed\dataset\images\train\agri_0_2915.jpeg,Final\weed\data\agri_0_2915_mask.png
Weed\dataset\images\train\agri_0_1512.jpeg,Final\weed\data\agri_0_1512_mask.png
Weed\dataset\images\train\agri_0_1961.jpeg,Final\weed\data\agri_0_1961_mask.png
Weed\dataset\images\train\agri_0_326.jpeg,Final\weed\data\agri_0_326_mask.png
Weed\dataset\images\train\agri_0_8062.jpeg,Final\weed\data\agri_0_8062_mask.png
Weed\dataset\images\train\agri_0_3468.jpeg,Final\weed\data\agri_0_3468_mask.png
Weed\dataset\images\train\agri_0_9776.jpeg,Final\weed\data\agri_0_9776_mask.png
Weed\dataset\images\train\agri_0_7499.jpeg,Final\weed\data\agri_0_7499_mask.png
Weed\dataset\images\train\agri_0_4540.jpeg,Final\weed\data\agri_0_4540_mask.png
Weed\dataset\images\train\agri_0_641.jpeg,Final\weed\data\agri_0_641_mask.png
Weed\dataset\images\train\agri_0_372.jpeg,Final\weed\data\agri_0_372_mask.png
Weed\dataset\images\train\agri_0_452.jpeg,Final\weed\data\agri_0_452_mask.png
Weed\dataset\images\train\agri_0_935.jpeg,Final\weed\data\agri_0_935_mask.png
Weed\dataset\images\train\agri_0_3535.jpeg,Final\weed\data\agri_0_3535_mask.png
Weed\dataset\images\train\agri_0_402.jpeg,Final\weed\data\agri_0_402_mask.png
Weed\dataset\images\train\agri_0_2278.jpeg,Final\weed\data\agri_0_2278_mask.png
Weed\dataset\images\train\agri_0_1171.jpeg,Final\weed\data\agri_0_1171_mask.png
Weed\dataset\images\train\agri_0_466.jpeg,Final\weed\data\agri_0_466_mask.png
Weed\dataset\images\train\agri_0_2513.jpeg,Final\weed\data\agri_0_2513_mask.png
Weed\dataset\images\train\agri_0_915.jpeg,Final\weed\data\agri_0_915_mask.png
Weed\dataset\images\train\agri_0_8496.jpeg,Final\weed\data\agri_0_8496_mask.png
Weed\dataset\images\train\agri_0_2330.jpeg,Final\weed\data\agri_0_2330_mask.png
Weed\dataset\images\train\agri_0_7443.jpeg,Final\weed\data\agri_0_7443_mask.png
Weed\dataset\images\train\agri_0_5641.jpeg,Final\weed\data\agri_0_5641_mask.png
Weed\dataset\images\train\agri_0_237.jpeg,Final\weed\data\agri_0_237_mask.png
Weed\dataset\images\val\agri_0_4670.jpeg,Final\weed\data\agri_0_4670_mask.png
Weed\dataset\images\train\agri_0_9397.jpeg,Final\weed\data\agri_0_9397_mask.png
Weed\dataset\images\train\agri_0_8489.jpeg,Final\weed\data\agri_0_8489_mask.png
Weed\dataset\images\train\agri_0_4502.jpeg,Final\weed\data\agri_0_4502_mask.png
Weed\dataset\images\val\agri_0_1543.jpeg,Final\weed\data\agri_0_1543_mask.png
Weed\dataset\images\train\agri_0_8618.jpeg,Final\weed\data\agri_0_8618_mask.png
Weed\dataset\images\val\agri_0_5184.jpeg,Final\weed\data\agri_0_5184_mask.png
Weed\dataset\images\val\agri_0_567.jpeg,Final\weed\data\agri_0_567_mask.png
Weed\dataset\images\train\agri_0_2774.jpeg,Final\weed\data\agri_0_2774_mask.png
Weed\dataset\images\val\agri_0_6120.jpeg,Final\weed\data\agri_0_6120_mask.png
Weed\dataset\images\val\agri_0_2654.jpeg,Final\weed\data\agri_0_2654_mask.png
Weed\dataset\images\val\agri_0_2263.jpeg,Final\weed\data\agri_0_2263_mask.png
Weed\dataset\images\train\agri_0_1966.jpeg,Final\weed\data\agri_0_1966_mask.png
Weed\dataset\images\val\agri_0_7375.jpeg,Final\weed\data\agri_0_7375_mask.png
Weed\dataset\images\train\agri_0_9804.jpeg,Final\weed\data\agri_0_9804_mask.png
Weed\dataset\images\train\agri_0_8463.jpeg,Final\weed\data\agri_0_8463_mask.png
Weed\dataset\images\train\agri_0_2465.jpeg,Final\weed\data\agri_0_2465_mask.png
Weed\dataset\images\val\agri_0_1242.jpeg,Final\weed\data\agri_0_1242_mask.png
Weed\dataset\images\val\agri_0_5880.jpeg,Final\weed\data\agri_0_5880_mask.png
Weed\dataset\images\train\agri_0_1849.jpeg,Final\weed\data\agri_0_1849_mask.png
Weed\dataset\images\train\agri_0_8008.jpeg,Final\weed\data\agri_0_8008_mask.png
Weed\dataset\images\train\agri_0_5042.jpeg,Final\weed\data\agri_0_5042_mask.png
Weed\dataset\images\train\agri_0_6287.jpeg,Final\weed\data\agri_0_6287_mask.png
Weed\dataset\images\train\agri_0_8682.jpeg,Final\weed\data\agri_0_8682_mask.png
Weed\dataset\images\train\agri_0_9586.jpeg,Final\weed\data\agri_0_9586_mask.png
Weed\dataset\images\val\agri_0_4449.jpeg,Final\weed\data\agri_0_4449_mask.png
Weed\dataset\images\val\agri_0_4337.jpeg,Final\weed\data\agri_0_4337_mask.png
Weed\dataset\images\train\agri_0_1140.jpeg,Final\weed\data\agri_0_1140_mask.png
Weed\dataset\images\train\agri_0_6917.jpeg,Final\weed\data\agri_0_6917_mask.png
Weed\dataset\images\val\agri_0_6537.jpeg,Final\weed\data\agri_0_6537_mask.png
Weed\dataset\images\train\agri_0_9933.jpeg,Final\weed\data\agri_0_9933_mask.png
Weed\dataset\images\train\agri_0_8671.jpeg,Final\weed\data\agri_0_8671_mask.png
Weed\dataset\images\val\agri_0_3736.jpeg,Final\weed\data\agri_0_3736_mask.png
Weed\dataset\images\train\agri_0_7939.jpeg,Final\weed\data\agri_0_7939_mask.png
Weed\dataset\images\train\agri_0_8926.jpeg,Final\weed\data\agri_0_8926_mask.png
Weed\dataset\images\train\agri_0_3842.jpeg,Final\weed\data\agri_0_3842_mask.png
Weed\dataset\images\val\agri_0_614.jpeg,Final\weed\data\agri_0_614_mask.png
Weed\dataset\images\train\agri_0_6034.jpeg,Final\weed\data\agri_0_6034_mask.png
Weed\dataset\images\train\agri_0_4240.jpeg,Final\weed\data\agri_0_4240_mask.png
Weed\dataset\images\train\agri_0_3022.jpeg,Final\weed\data\agri_0_3022_mask.png
Weed\dataset\images\train\agri_0_7232.jpeg,Final\weed\data\agri_0_7232_mask.png
Weed\dataset\images\train\agri_0_277.jpeg,Final\weed\data\agri_0_277_mask.png
Weed\dataset\images\train\agri_0_4184.jpeg,Final\weed\data\agri_0_4184_mask.png
Weed\dataset\images\val\agri_0_3928.jpeg,Final\weed\data\agri_0_3928_mask.png
Weed\dataset\images\train\agri_0_7119.jpeg,Final\weed\data\agri_0_7119_mask.png
Weed\dataset\images\train\agri_0_2390.jpeg,Final\weed\data\agri_0_2390_mask.png
Weed\dataset\images\train\agri_0_1119.jpeg,Final\weed\data\agri_0_1119_mask.png
Weed\dataset\images\train\agri_0_8904.jpeg,Final\weed\data\agri_0_8904_mask.png
Weed\dataset\images\train\agri_0_6769.jpeg,Final\weed\data\agri_0_6769_mask.png
Weed\dataset\images\val\agri_0_7813.jpeg,Final\weed\data\agri_0_7813_mask.png
Weed\dataset\images\train\agri_0_7037.jpeg,Final\weed\data\agri_0_7037_mask.png
Weed\dataset\images\train\agri_0_5243.jpeg,Final\weed\data\agri_0_5243_mask.png
Weed\dataset\images\train\agri_0_1420.jpeg,Final\weed\data\agri_0_1420_mask.png
Weed\dataset\images\train\agri_0_3075.jpeg,Final\weed\data\agri_0_3075_mask.png
Weed\dataset\images\train\agri_0_941.jpeg,Final\weed\data\agri_0_941_mask.png
Weed\dataset\images\train\agri_0_3116.jpeg,Final\weed\data\agri_0_3116_mask.png
Weed\dataset\images\train\agri_0_7943.jpeg,Final\weed\data\agri_0_7943_mask.png
Weed\dataset\images\train\agri_0_5928.jpeg,Final\weed\data\agri_0_5928_mask.png
Weed\dataset\images\train\agri_0_3744.jpeg,Final\weed\data\agri_0_3744_mask.png
Weed\dataset\images\train\agri_0_9253.jpeg,Final\weed\data\agri_0_9253_mask.png
Weed\dataset\images\train\agri_0_1211.jpeg,Final\weed\data\agri_0_1211_mask.png
Weed\dataset\images\train\agri_0_6152.jpeg,Final\weed\data\agri_0_6152_mask.png
Weed\dataset\images\train\agri_0_7779.jpeg,Final\weed\data\agri_0_7779_mask.png
Weed\dataset\images\train\agri_0_8620.jpeg,Final\weed\data\agri_0_8620_mask.png
Weed\dataset\images\train\agri_0_9698.jpeg,Final\weed\data\agri_0_9698_mask.png
Weed\dataset\images\train\agri_0_7357.jpeg,Final\weed\data\agri_0_7357_mask.png
Weed\dataset\images\train\agri_0_4910.jpeg,Final\weed\data\agri_0_4910_mask.png
Weed\dataset\images\train\agri_0_9144.jpeg,Final\weed\data\agri_0_9144_mask.png
Weed\dataset\images\train\agri_0_5856.jpeg,Final\weed\data\agri_0_5856_mask.png
Weed\dataset\images\train\agri_0_6158.jpeg,Final\weed\data\agri_0_6158_mask.png
Weed\dataset\images\train\agri_0_2495.jpeg,Final\weed\data\agri_0_2495_mask.png
Weed\dataset\images\train\agri_0_4267.jpeg,Final\weed\data\agri_0_4267_mask.png
Weed\dataset\images\train\agri_0_3914.jpeg,Final\weed\data\agri_0_3914_mask.png
Weed\dataset\images\train\agri_0_5784.jpeg,Final\weed\data\agri_0_5784_mask.png
Weed\dataset\images\train\agri_0_6308.jpeg,Final\weed\data\agri_0_6308_mask.png
Weed\dataset\images\train\agri_0_9857.jpeg,Final\weed\data\agri_0_9857_mask.png
Weed\dataset\images\train\agri_0_6100.jpeg,Final\weed\data\agri_0_6100_mask.png
Weed\dataset\images\train\agri_0_4017.jpeg,Final\weed\data\agri_0_4017_mask.png
Weed\dataset\images\train\agri_0_3778.jpeg,Final\weed\data\agri_0_3778_mask.png
Weed\dataset\images\train\agri_0_4009.jpeg,Final\weed\data\agri_0_4009_mask.png
Weed\dataset\images\train\agri_0_156.jpeg,Final\weed\data\agri_0_156_mask.png
Weed\dataset\images\train\agri_0_9398.jpeg,Final\weed\data\agri_0_9398_mask.png
Weed\dataset\images\train\agri_0_8108.jpeg,Final\weed\data\agri_0_8108_mask.png
Weed\dataset\images\val\agri_0_4553.jpeg,Final\weed\data\agri_0_4553_mask.png
Weed\dataset\images\train\agri_0_7603.jpeg,Final\weed\data\agri_0_7603_mask.png
Weed\dataset\images\train\agri_0_5401.jpeg,Final\weed\data\agri_0_5401_mask.png
Weed\dataset\images\train\agri_0_1868.jpeg,Final\weed\data\agri_0_1868_mask.png
Weed\dataset\images\train\agri_0_4015.jpeg,Final\weed\data\agri_0_4015_mask.png
Weed\dataset\images\train\agri_0_5266.jpeg,Final\weed\data\agri_0_5266_mask.png
Weed\dataset\images\train\agri_0_5306.jpeg,Final\weed\data\agri_0_5306_mask.png
Weed\dataset\images\train\agri_0_787.jpeg,Final\weed\data\agri_0_787_mask.png
Weed\dataset\images\val\agri_0_1707.jpeg,Final\weed\data\agri_0_1707_mask.png
Weed\dataset\images\train\agri_0_7814.jpeg,Final\weed\data\agri_0_7814_mask.png
Weed\dataset\images\train\agri_0_9532.jpeg,Final\weed\data\agri_0_9532_mask.png
Weed\dataset\images\val\agri_0_6276.jpeg,Final\weed\data\agri_0_6276_mask.png
Weed\dataset\images\train\agri_0_4535.jpeg,Final\weed\data\agri_0_4535_mask.png
Weed\dataset\images\train\agri_0_8165.jpeg,Final\weed\data\agri_0_8165_mask.png
Weed\dataset\images\train\agri_0_8209.jpeg,Final\weed\data\agri_0_8209_mask.png
Weed\dataset\images\train\agri_0_8195.jpeg,Final\weed\data\agri_0_8195_mask.png
Weed\dataset\images\train\agri_0_1079.jpeg,Final\weed\data\agri_0_1079_mask.png
Weed\dataset\images\train\agri_0_3943.jpeg,Final\weed\data\agri_0_3943_mask.png
Weed\dataset\images\train\agri_0_7856.jpeg,Final\weed\data\agri_0_7856_mask.png
Weed\dataset\images\train\agri_0_4948.jpeg,Final\weed\data\agri_0_4948_mask.png
Weed\dataset\images\val\agri_0_1258.jpeg,Final\weed\data\agri_0_1258_mask.png
Weed\dataset\images\train\agri_0_2323.jpeg,Final\weed\data\agri_0_2323_mask.png
Weed\dataset\images\train\agri_0_4014.jpeg,Final\weed\data\agri_0_4014_mask.png
Weed\dataset\images\train\agri_0_5118.jpeg,Final\weed\data\agri_0_5118_mask.png
Weed\dataset\images\train\agri_0_3045.jpeg,Final\weed\data\agri_0_3045_mask.png
Weed\dataset\images\train\agri_0_7656.jpeg,Final\weed\data\agri_0_7656_mask.png
Weed\dataset\images\train\agri_0_4055.jpeg,Final\weed\data\agri_0_4055_mask.png
Weed\dataset\images\val\agri_0_5871.jpeg,Final\weed\data\agri_0_5871_mask.png
Weed\dataset\images\val\agri_0_4903.jpeg,Final\weed\data\agri_0_4903_mask.png
Weed\dataset\images\val\agri_0_9403.jpeg,Final\weed\data\agri_0_9403_mask.png
Weed\dataset\images\train\agri_0_5780.jpeg,Final\weed\data\agri_0_5780_mask.png
Weed\dataset\images\train\agri_0_5858.jpeg,Final\weed\data\agri_0_5858_mask.png
Weed\dataset\images\train\agri_0_8959.jpeg,Final\weed\data\agri_0_8959_mask.png
Weed\dataset\images\train\agri_0_980.jpeg,Final\weed\data\agri_0_980_mask.png
Weed\dataset\images\train\agri_0_224.jpeg,Final\weed\data\agri_0_224_mask.png
Weed\dataset\images\train\agri_0_8225.jpeg,Final\weed\data\agri_0_8225_mask.png
Weed\dataset\images\val\agri_0_299.jpeg,Final\weed\data\agri_0_299_mask.png
Weed\dataset\images\train\agri_0_7989.jpeg,Final\weed\data\agri_0_7989_mask.png
Weed\dataset\images\train\agri_0_352.jpeg,Final\weed\data\agri_0_352_mask.png
Weed\dataset\images\train\agri_0_8305.jpeg,Final\weed\data\agri_0_8305_mask.png
Weed\dataset\images\val\agri_0_1095.jpeg,Final\weed\data\agri_0_1095_mask.png
Weed\dataset\images\train\agri_0_4659.jpeg,Final\weed\data\agri_0_4659_mask.png
Weed\dataset\images\val\agri_0_3439.jpeg,Final\weed\data\agri_0_3439_mask.png
Weed\dataset\images\train\agri_0_6354.jpeg,Final\weed\data\agri_0_6354_mask.png
Weed\dataset\images\train\agri_0_5350.jpeg,Final\weed\data\agri_0_5350_mask.png
Weed\dataset\images\train\agri_0_8935.jpeg,Final\weed\data\agri_0_8935_mask.png
Weed\dataset\images\train\agri_0_8161.jpeg,Final\weed\data\agri_0_8161_mask.png
Weed\dataset\images\train\agri_0_9327.jpeg,Final\weed\data\agri_0_9327_mask.png
Weed\dataset\images\train\agri_0_2697.jpeg,Final\weed\data\agri_0_2697_mask.png
Weed\dataset\images\train\agri_0_2405.jpeg,Final\weed\data\agri_0_2405_mask.png
Weed\dataset\images\train\agri_0_7358.jpeg,Final\weed\data\agri_0_7358_mask.png
Weed\dataset\images\val\agri_0_1788.jpeg,Final\weed\data\agri_0_1788_mask.png
Weed\dataset\images\train\agri_0_6831.jpeg,Final\weed\data\agri_0_6831_mask.png
Weed\dataset\images\train\agri_0_629.jpeg,Final\weed\data\agri_0_629_mask.png
Weed\dataset\images\val\agri_0_4685.jpeg,Final\weed\data\agri_0_4685_mask.png
Weed\dataset\images\train\agri_0_631.jpeg,Final\weed\data\agri_0_631_mask.png
Weed\dataset\images\train\agri_0_1130.jpeg,Final\weed\data\agri_0_1130_mask.png
Weed\dataset\images\train\agri_0_3667.jpeg,Final\weed\data\agri_0_3667_mask.png
Weed\dataset\images\train\agri_0_6126.jpeg,Final\weed\data\agri_0_6126_mask.png
Weed\dataset\images\train\agri_0_8556.jpeg,Final\weed\data\agri_0_8556_mask.png
Weed\dataset\images\train\agri_0_9294.jpeg,Final\weed\data\agri_0_9294_mask.png
Weed\dataset\images\train\agri_0_5365.jpeg,Final\weed\data\agri_0_5365_mask.png
Weed\dataset\images\train\agri_0_8704.jpeg,Final\weed\data\agri_0_8704_mask.png
Weed\dataset\images\train\agri_0_3555.jpeg,Final\weed\data\agri_0_3555_mask.png
Weed\dataset\images\train\agri_0_4085.jpeg,Final\weed\data\agri_0_4085_mask.png
Weed\dataset\images\train\agri_0_7464.jpeg,Final\weed\data\agri_0_7464_mask.png
Weed\dataset\images\train\agri_0_2681.jpeg,Final\weed\data\agri_0_2681_mask.png
Weed\dataset\images\train\agri_0_2551.jpeg,Final\weed\data\agri_0_2551_mask.png
Weed\dataset\images\train\agri_0_8315.jpeg,Final\weed\data\agri_0_8315_mask.png
Weed\dataset\images\val\agri_0_84.jpeg,Final\weed\data\agri_0_84_mask.png
Weed\dataset\images\train\agri_0_1731.jpeg,Final\weed\data\agri_0_1731_mask.png
Weed\dataset\images\train\agri_0_7585.jpeg,Final\weed\data\agri_0_7585_mask.png
Weed\dataset\images\train\agri_0_151.jpeg,Final\weed\data\agri_0_151_mask.png
Weed\dataset\images\train\agri_0_8881.jpeg,Final\weed\data\agri_0_8881_mask.png
Weed\dataset\images\train\agri_0_3160.jpeg,Final\weed\data\agri_0_3160_mask.png
Weed\dataset\images\train\agri_0_5935.jpeg,Final\weed\data\agri_0_5935_mask.png
Weed\dataset\images\train\agri_0_1642.jpeg,Final\weed\data\agri_0_1642_mask.png
Weed\dataset\images\train\agri_0_4113.jpeg,Final\weed\data\agri_0_4113_mask.png
Weed\dataset\images\train\agri_0_7550.jpeg,Final\weed\data\agri_0_7550_mask.png
Weed\dataset\images\val\agri_0_2204.jpeg,Final\weed\data\agri_0_2204_mask.png
Weed\dataset\images\train\agri_0_1564.jpeg,Final\weed\data\agri_0_1564_mask.png
Weed\dataset\images\val\agri_0_9952.jpeg,Final\weed\data\agri_0_9952_mask.png
Weed\dataset\images\train\agri_0_9963.jpeg,Final\weed\data\agri_0_9963_mask.png
Weed\dataset\images\train\agri_0_6518.jpeg,Final\weed\data\agri_0_6518_mask.png
Weed\dataset\images\train\agri_0_5136.jpeg,Final\weed\data\agri_0_5136_mask.png
Weed\dataset\images\train\agri_0_4213.jpeg,Final\weed\data\agri_0_4213_mask.png
Weed\dataset\images\val\agri_0_5961.jpeg,Final\weed\data\agri_0_5961_mask.png
Weed\dataset\images\train\agri_0_248.jpeg,Final\weed\data\agri_0_248_mask.png
Weed\dataset\images\val\agri_0_3074.jpeg,Final\weed\data\agri_0_3074_mask.png
Weed\dataset\images\train\agri_0_864.jpeg,Final\weed\data\agri_0_864_mask.png
Weed\dataset\images\train\agri_0_7208.jpeg,Final\weed\data\agri_0_7208_mask.png
Weed\dataset\images\train\agri_0_2792.jpeg,Final\weed\data\agri_0_2792_mask.png
Weed\dataset\images\train\agri_0_4479.jpeg,Final\weed\data\agri_0_4479_mask.png
Weed\dataset\images\train\agri_0_9618.jpeg,Final\weed\data\agri_0_9618_mask.png
Weed\dataset\images\val\agri_0_4964.jpeg,Final\weed\data\agri_0_4964_mask.png
Weed\dataset\images\train\agri_0_1882.jpeg,Final\weed\data\agri_0_1882_mask.png
Weed\dataset\images\train\agri_0_5578.jpeg,Final\weed\data\agri_0_5578_mask.png
Weed\dataset\images\train\agri_0_9116.jpeg,Final\weed\data\agri_0_9116_mask.png
Weed\dataset\images\train\agri_0_6604.jpeg,Final\weed\data\agri_0_6604_mask.png
Weed\dataset\images\train\agri_0_626.jpeg,Final\weed\data\agri_0_626_mask.png
Weed\dataset\images\train\agri_0_4635.jpeg,Final\weed\data\agri_0_4635_mask.png
Weed\dataset\images\train\agri_0_5523.jpeg,Final\weed\data\agri_0_5523_mask.png
Weed\dataset\images\train\agri_0_7470.jpeg,Final\weed\data\agri_0_7470_mask.png
Weed\dataset\images\train\agri_0_8698.jpeg,Final\weed\data\agri_0_8698_mask.png
Weed\dataset\images\train\agri_0_7362.jpeg,Final\weed\data\agri_0_7362_mask.png
Weed\dataset\images\train\agri_0_8044.jpeg,Final\weed\data\agri_0_8044_mask.png
Weed\dataset\images\train\agri_0_1941.jpeg,Final\weed\data\agri_0_1941_mask.png
Weed\dataset\images\train\agri_0_6520.jpeg,Final\weed\data\agri_0_6520_mask.png
Weed\dataset\images\train\agri_0_6801.jpeg,Final\weed\data\agri_0_6801_mask.png
Weed\dataset\images\train\agri_0_1878.jpeg,Final\weed\data\agri_0_1878_mask.png
Weed\dataset\images\train\agri_0_4365.jpeg,Final\weed\data\agri_0_4365_mask.png
Weed\dataset\images\train\agri_0_6166.jpeg,Final\weed\data\agri_0_6166_mask.png
Weed\dataset\images\train\agri_0_8663.jpeg,Final\weed\data\agri_0_8663_mask.png
Weed\dataset\images\val\agri_0_1385.jpeg,Final\weed\data\agri_0_1385_mask.png
Weed\dataset\images\train\agri_0_5282.jpeg,Final\weed\data\agri_0_5282_mask.png
Weed\dataset\images\val\agri_0_6481.jpeg,Final\weed\data\agri_0_6481_mask.png
Weed\dataset\images\train\agri_0_6803.jpeg,Final\weed\data\agri_0_6803_mask.png
Weed\dataset\images\train\agri_0_1888.jpeg,Final\weed\data\agri_0_1888_mask.png
Weed\dataset\images\val\agri_0_5666.jpeg,Final\weed\data\agri_0_5666_mask.png
Weed\dataset\images\train\agri_0_9960.jpeg,Final\weed\data\agri_0_9960_mask.png
Weed\dataset\images\train\agri_0_5736.jpeg,Final\weed\data\agri_0_5736_mask.png
Weed\dataset\images\train\agri_0_1830.jpeg,Final\weed\data\agri_0_1830_mask.png
Weed\dataset\images\val\agri_0_5542.jpeg,Final\weed\data\agri_0_5542_mask.png
Weed\dataset\images\train\agri_0_3746.jpeg,Final\weed\data\agri_0_3746_mask.png
Weed\dataset\images\train\agri_0_3054.jpeg,Final\weed\data\agri_0_3054_mask.png
Weed\dataset\images\train\agri_0_5661.jpeg,Final\weed\data\agri_0_5661_mask.png
Weed\dataset\images\train\agri_0_6713.jpeg,Final\weed\data\agri_0_6713_mask.png
Weed\dataset\images\train\agri_0_7573.jpeg,Final\weed\data\agri_0_7573_mask.png
Weed\dataset\images\train\agri_0_6735.jpeg,Final\weed\data\agri_0_6735_mask.png
Weed\dataset\images\train\agri_0_9474.jpeg,Final\weed\data\agri_0_9474_mask.png
Weed\dataset\images\train\agri_0_131.jpeg,Final\weed\data\agri_0_131_mask.png
Weed\dataset\images\val\agri_0_3604.jpeg,Final\weed\data\agri_0_3604_mask.png
Weed\dataset\images\val\agri_0_8811.jpeg,Final\weed\data\agri_0_8811_mask.png
Weed\dataset\images\train\agri_0_7156.jpeg,Final\weed\data\agri_0_7156_mask.png
Weed\dataset\images\val\agri_0_6407.jpeg,Final\weed\data\agri_0_6407_mask.png
Weed\dataset\images\val\agri_0_2522.jpeg,Final\weed\data\agri_0_2522_mask.png
Weed\dataset\images\train\agri_0_1810.jpeg,Final\weed\data\agri_0_1810_mask.png
Weed\dataset\images\train\agri_0_1024.jpeg,Final\weed\data\agri_0_1024_mask.png
Weed\dataset\images\train\agri_0_5435.jpeg,Final\weed\data\agri_0_5435_mask.png
Weed\dataset\images\train\agri_0_5077.jpeg,Final\weed\data\agri_0_5077_mask.png
Weed\dataset\images\train\agri_0_1342.jpeg,Final\weed\data\agri_0_1342_mask.png
Weed\dataset\images\train\agri_0_3014.jpeg,Final\weed\data\agri_0_3014_mask.png
Weed\dataset\images\train\agri_0_9183.jpeg,Final\weed\data\agri_0_9183_mask.png
Weed\dataset\images\train\agri_0_417.jpeg,Final\weed\data\agri_0_417_mask.png
Weed\dataset\images\val\agri_0_8583.jpeg,Final\weed\data\agri_0_8583_mask.png
Weed\dataset\images\train\agri_0_6461.jpeg,Final\weed\data\agri_0_6461_mask.png
Weed\dataset\images\train\agri_0_6848.jpeg,Final\weed\data\agri_0_6848_mask.png
Weed\dataset\images\train\agri_0_7997.jpeg,Final\weed\data\agri_0_7997_mask.png
Weed\dataset\images\train\agri_0_5873.jpeg,Final\weed\data\agri_0_5873_mask.png
Weed\dataset\images\val\agri_0_3282.jpeg,Final\weed\data\agri_0_3282_mask.png
Weed\dataset\images\train\agri_0_3556.jpeg,Final\weed\data\agri_0_3556_mask.png
Weed\dataset\images\val\agri_0_8143.jpeg,Final\weed\data\agri_0_8143_mask.png
Weed\dataset\images\train\agri_0_3374.jpeg,Final\weed\data\agri_0_3374_mask.png
Weed\dataset\images\train\agri_0_2158.jpeg,Final\weed\data\agri_0_2158_mask.png
Weed\dataset\images\train\agri_0_1929.jpeg,Final\weed\data\agri_0_1929_mask.png
Weed\dataset\images\train\agri_0_9712.jpeg,Final\weed\data\agri_0_9712_mask.png
Weed\dataset\images\val\agri_0_5090.jpeg,Final\weed\data\agri_0_5090_mask.png
Weed\dataset\images\train\agri_0_5938.jpeg,Final\weed\data\agri_0_5938_mask.png
Weed\dataset\images\train\agri_0_5711.jpeg,Final\weed\data\agri_0_5711_mask.png
Weed\dataset\images\train\agri_0_1332.jpeg,Final\weed\data\agri_0_1332_mask.png
Weed\dataset\images\train\agri_0_8104.jpeg,Final\weed\data\agri_0_8104_mask.png
Weed\dataset\images\train\agri_0_7716.jpeg,Final\weed\data\agri_0_7716_mask.png
Weed\dataset\images\train\agri_0_6094.jpeg,Final\weed\data\agri_0_6094_mask.png
Weed\dataset\images\val\agri_0_6574.jpeg,Final\weed\data\agri_0_6574_mask.png
Weed\dataset\images\val\agri_0_6823.jpeg,Final\weed\data\agri_0_6823_mask.png
Weed\dataset\images\train\agri_0_3648.jpeg,Final\weed\data\agri_0_3648_mask.png
Weed\dataset\images\train\agri_0_9575.jpeg,Final\weed\data\agri_0_9575_mask.png
Weed\dataset\images\train\agri_0_2077.jpeg,Final\weed\data\agri_0_2077_mask.png
Weed\dataset\images\train\agri_0_4355.jpeg,Final\weed\data\agri_0_4355_mask.png
Weed\dataset\images\train\agri_0_7201.jpeg,Final\weed\data\agri_0_7201_mask.png
Weed\dataset\images\val\agri_0_7824.jpeg,Final\weed\data\agri_0_7824_mask.png
Weed\dataset\images\train\agri_0_5644.jpeg,Final\weed\data\agri_0_5644_mask.png
Weed\dataset\images\train\agri_0_395.jpeg,Final\weed\data\agri_0_395_mask.png
Weed\dataset\images\train\agri_0_4620.jpeg,Final\weed\data\agri_0_4620_mask.png
Weed\dataset\images\train\agri_0_954.jpeg,Final\weed\data\agri_0_954_mask.png
Weed\dataset\images\train\agri_0_3404.jpeg,Final\weed\data\agri_0_3404_mask.png
Weed\dataset\images\val\agri_0_1123.jpeg,Final\weed\data\agri_0_1123_mask.png
Weed\dataset\images\train\agri_0_5823.jpeg,Final\weed\data\agri_0_5823_mask.png
Weed\dataset\images\train\agri_0_1210.jpeg,Final\weed\data\agri_0_1210_mask.png
Weed\dataset\images\train\agri_0_6765.jpeg,Final\weed\data\agri_0_6765_mask.png
Weed\dataset\images\val\agri_0_7325.jpeg,Final\weed\data\agri_0_7325_mask.png
Weed\dataset\images\train\agri_0_4571.jpeg,Final\weed\data\agri_0_4571_mask.png
Weed\dataset\images\train\agri_0_6778.jpeg,Final\weed\data\agri_0_6778_mask.png
Weed\dataset\images\train\agri_0_9085.jpeg,Final\weed\data\agri_0_9085_mask.png
Weed\dataset\images\train\agri_0_3990.jpeg,Final\weed\data\agri_0_3990_mask.png
Weed\dataset\images\train\agri_0_7468.jpeg,Final\weed\data\agri_0_7468_mask.png
Weed\dataset\images\train\agri_0_6707.jpeg,Final\weed\data\agri_0_6707_mask.png
Weed\dataset\images\val\agri_0_7104.jpeg,Final\weed\data\agri_0_7104_mask.png
Weed\dataset\images\train\agri_0_4838.jpeg,Final\weed\data\agri_0_4838_mask.png
Weed\dataset\images\train\agri_0_6292.jpeg,Final\weed\data\agri_0_6292_mask.png
Weed\dataset\images\train\agri_0_9049.jpeg,Final\weed\data\agri_0_9049_mask.png
Weed\dataset\images\train\agri_0_8262.jpeg,Final\weed\data\agri_0_8262_mask.png
Weed\dataset\images\train\agri_0_1215.jpeg,Final\weed\data\agri_0_1215_mask.png
Weed\dataset\images\val\agri_0_2385.jpeg,Final\weed\data\agri_0_2385_mask.png
Weed\dataset\images\train\agri_0_2873.jpeg,Final\weed\data\agri_0_2873_mask.png
Weed\dataset\images\train\agri_0_667.jpeg,Final\weed\data\agri_0_667_mask.png
Weed\dataset\images\train\agri_0_9148.jpeg,Final\weed\data\agri_0_9148_mask.png
Weed\dataset\images\train\agri_0_8708.jpeg,Final\weed\data\agri_0_8708_mask.png
Weed\dataset\images\train\agri_0_8565.jpeg,Final\weed\data\agri_0_8565_mask.png
Weed\dataset\images\train\agri_0_6469.jpeg,Final\weed\data\agri_0_6469_mask.png
Weed\dataset\images\train\agri_0_7888.jpeg,Final\weed\data\agri_0_7888_mask.png
Weed\dataset\images\train\agri_0_9872.jpeg,Final\weed\data\agri_0_9872_mask.png
Weed\dataset\images\train\agri_0_4488.jpeg,Final\weed\data\agri_0_4488_mask.png
Weed\dataset\images\train\agri_0_221.jpeg,Final\weed\data\agri_0_221_mask.png
Weed\dataset\images\train\agri_0_5587.jpeg,Final\weed\data\agri_0_5587_mask.png
Weed\dataset\images\train\agri_0_7749.jpeg,Final\weed\data\agri_0_7749_mask.png
Weed\dataset\images\train\agri_0_57.jpeg,Final\weed\data\agri_0_57_mask.png
Weed\dataset\images\val\agri_0_6978.jpeg,Final\weed\data\agri_0_6978_mask.png
Weed\dataset\images\val\agri_0_7601.jpeg,Final\weed\data\agri_0_7601_mask.png
Weed\dataset\images\val\agri_0_3198.jpeg,Final\weed\data\agri_0_3198_mask.png
Weed\dataset\images\train\agri_0_5487.jpeg,Final\weed\data\agri_0_5487_mask.png
Weed\dataset\images\train\agri_0_9424.jpeg,Final\weed\data\agri_0_9424_mask.png
Weed\dataset\images\val\agri_0_583.jpeg,Final\weed\data\agri_0_583_mask.png
Weed\dataset\images\train\agri_0_8905.jpeg,Final\weed\data\agri_0_8905_mask.png
Weed\dataset\images\val\agri_0_3414.jpeg,Final\weed\data\agri_0_3414_mask.png
Weed\dataset\images\train\agri_0_5053.jpeg,Final\weed\data\agri_0_5053_mask.png
Weed\dataset\images\val\agri_0_9500.jpeg,Final\weed\data\agri_0_9500_mask.png
Weed\dataset\images\val\agri_0_1114.jpeg,Final\weed\data\agri_0_1114_mask.png
Weed\dataset\images\train\agri_0_1945.jpeg,Final\weed\data\agri_0_1945_mask.png
Weed\dataset\images\train\agri_0_7514.jpeg,Final\weed\data\agri_0_7514_mask.png
Weed\dataset\images\val\agri_0_7868.jpeg,Final\weed\data\agri_0_7868_mask.png
Weed\dataset\images\train\agri_0_9831.jpeg,Final\weed\data\agri_0_9831_mask.png
Weed\dataset\images\train\agri_0_249.jpeg,Final\weed\data\agri_0_249_mask.png
Weed\dataset\images\train\agri_0_7958.jpeg,Final\weed\data\agri_0_7958_mask.png
Weed\dataset\images\train\agri_0_9773.jpeg,Final\weed\data\agri_0_9773_mask.png
Weed\dataset\images\train\agri_0_5336.jpeg,Final\weed\data\agri_0_5336_mask.png
Weed\dataset\images\train\agri_0_2407.jpeg,Final\weed\data\agri_0_2407_mask.png
Weed\dataset\images\train\agri_0_3260.jpeg,Final\weed\data\agri_0_3260_mask.png
Weed\dataset\images\test\agri_0_4526.jpeg,Final\weed\data\agri_0_4526_mask.png
Weed\dataset\images\train\agri_0_9891.jpeg,Final\weed\data\agri_0_9891_mask.png
Weed\dataset\images\train\agri_0_8518.jpeg,Final\weed\data\agri_0_8518_mask.png
Weed\dataset\images\train\agri_0_4665.jpeg,Final\weed\data\agri_0_4665_mask.png
Weed\dataset\images\val\agri_0_4388.jpeg,Final\weed\data\agri_0_4388_mask.png
Weed\dataset\images\train\agri_0_2228.jpeg,Final\weed\data\agri_0_2228_mask.png
Weed\dataset\images\train\agri_0_110.jpeg,Final\weed\data\agri_0_110_mask.png
Weed\dataset\images\train\agri_0_491.jpeg,Final\weed\data\agri_0_491_mask.png
Weed\dataset\images\train\agri_0_5676.jpeg,Final\weed\data\agri_0_5676_mask.png
Weed\dataset\images\train\agri_0_8445.jpeg,Final\weed\data\agri_0_8445_mask.png
Weed\dataset\images\train\agri_0_8121.jpeg,Final\weed\data\agri_0_8121_mask.png
Weed\dataset\images\train\agri_0_8634.jpeg,Final\weed\data\agri_0_8634_mask.png
Weed\dataset\images\train\agri_0_773.jpeg,Final\weed\data\agri_0_773_mask.png
Weed\dataset\images\train\agri_0_9430.jpeg,Final\weed\data\agri_0_9430_mask.png
Weed\dataset\images\train\agri_0_3156.jpeg,Final\weed\data\agri_0_3156_mask.png
Weed\dataset\images\val\agri_0_657.jpeg,Final\weed\data\agri_0_657_mask.png
Weed\dataset\images\train\agri_0_272.jpeg,Final\weed\data\agri_0_272_mask.png
Weed\dataset\images\val\agri_0_1166.jpeg,Final\weed\data\agri_0_1166_mask.png
Weed\dataset\images\train\agri_0_4122.jpeg,Final\weed\data\agri_0_4122_mask.png
Weed\dataset\images\train\agri_0_9727.jpeg,Final\weed\data\agri_0_9727_mask.png
Weed\dataset\images\train\agri_0_2749.jpeg,Final\weed\data\agri_0_2749_mask.png
Weed\dataset\images\test\agri_0_1214.jpeg,Final\weed\data\agri_0_1214_mask.png
Weed\dataset\images\train\agri_0_6258.jpeg,Final\weed\data\agri_0_6258_mask.png
Weed\dataset\images\val\agri_0_830.jpeg,Final\weed\data\agri_0_830_mask.png
Weed\dataset\images\train\agri_0_4348.jpeg,Final\weed\data\agri_0_4348_mask.png
Weed\dataset\images\train\agri_0_8747.jpeg,Final\weed\data\agri_0_8747_mask.png
Weed\dataset\images\test\agri_0_9845.jpeg,Final\weed\data\agri_0_9845_mask.png
Weed\dataset\images\train\agri_0_584.jpeg,Final\weed\data\agri_0_584_mask.png
Weed\dataset\images\train\agri_0_9240.jpeg,Final\weed\data\agri_0_9240_mask.png
Weed\dataset\images\val\agri_0_5591.jpeg,Final\weed\data\agri_0_5591_mask.png
Weed\dataset\images\train\agri_0_9971.jpeg,Final\weed\data\agri_0_9971_mask.png
Weed\dataset\images\train\agri_0_8609.jpeg,Final\weed\data\agri_0_8609_mask.png
Weed\dataset\images\train\agri_0_9871.jpeg,Final\weed\data\agri_0_9871_mask.png
Weed\dataset\images\train\agri_0_6581.jpeg,Final\weed\data\agri_0_6581_mask.png
Weed\dataset\images\train\agri_0_2244.jpeg,Final\weed\data\agri_0_2244_mask.png
Weed\dataset\images\val\agri_0_7705.jpeg,Final\weed\data\agri_0_7705_mask.png
Weed\dataset\images\train\agri_0_6724.jpeg,Final\weed\data\agri_0_6724_mask.png
Weed\dataset\images\train\agri_0_8702.jpeg,Final\weed\data\agri_0_8702_mask.png
Weed\dataset\images\val\agri_0_7158.jpeg,Final\weed\data\agri_0_7158_mask.png
Weed\dataset\images\train\agri_0_7405.jpeg,Final\weed\data\agri_0_7405_mask.png
Weed\dataset\images\train\agri_0_2180.jpeg,Final\weed\data\agri_0_2180_mask.png
Weed\dataset\images\train\agri_0_9207.jpeg,Final\weed\data\agri_0_9207_mask.png
Weed\dataset\images\train\agri_0_4618.jpeg,Final\weed\data\agri_0_4618_mask.png
Weed\dataset\images\val\agri_0_8636.jpeg,Final\weed\data\agri_0_8636_mask.png
Weed\dataset\images\train\agri_0_1814.jpeg,Final\weed\data\agri_0_1814_mask.png
Weed\dataset\images\train\agri_0_5182.jpeg,Final\weed\data\agri_0_5182_mask.png
Weed\dataset\images\train\agri_0_9354.jpeg,Final\weed\data\agri_0_9354_mask.png
Weed\dataset\images\train\agri_0_1350.jpeg,Final\weed\data\agri_0_1350_mask.png
Weed\dataset\images\train\agri_0_2161.jpeg,Final\weed\data\agri_0_2161_mask.png
Weed\dataset\images\train\agri_0_3971.jpeg,Final\weed\data\agri_0_3971_mask.png
Weed\dataset\images\train\agri_0_2604.jpeg,Final\weed\data\agri_0_2604_mask.png
Weed\dataset\images\train\agri_0_9458.jpeg,Final\weed\data\agri_0_9458_mask.png
Weed\dataset\images\train\agri_0_1053.jpeg,Final\weed\data\agri_0_1053_mask.png
Weed\dataset\images\train\agri_0_81.jpeg,Final\weed\data\agri_0_81_mask.png
Weed\dataset\images\val\agri_0_8405.jpeg,Final\weed\data\agri_0_8405_mask.png
Weed\dataset\images\train\agri_0_4235.jpeg,Final\weed\data\agri_0_4235_mask.png
Weed\dataset\images\train\agri_0_2927.jpeg,Final\weed\data\agri_0_2927_mask.png
Weed\dataset\images\val\agri_0_7285.jpeg,Final\weed\data\agri_0_7285_mask.png
Weed\dataset\images\train\agri_0_8893.jpeg,Final\weed\data\agri_0_8893_mask.png
Weed\dataset\images\train\agri_0_718.jpeg,Final\weed\data\agri_0_718_mask.png
Weed\dataset\images\train\agri_0_9450.jpeg,Final\weed\data\agri_0_9450_mask.png
Weed\dataset\images\val\agri_0_5461.jpeg,Final\weed\data\agri_0_5461_mask.png
Weed\dataset\images\train\agri_0_3573.jpeg,Final\weed\data\agri_0_3573_mask.png
Weed\dataset\images\train\agri_0_8794.jpeg,Final\weed\data\agri_0_8794_mask.png
Weed\dataset\images\train\agri_0_301.jpeg,Final\weed\data\agri_0_301_mask.png
Weed\dataset\images\train\agri_0_2159.jpeg,Final\weed\data\agri_0_2159_mask.png
Weed\dataset\images\train\agri_0_4362.jpeg,Final\weed\data\agri_0_4362_mask.png
Weed\dataset\images\val\agri_0_5592.jpeg,Final\weed\data\agri_0_5592_mask.png
Weed\dataset\images\train\agri_0_9888.jpeg,Final\weed\data\agri_0_9888_mask.png
Weed\dataset\images\train\agri_0_9435.jpeg,Final\weed\data\agri_0_9435_mask.png
Weed\dataset\images\train\agri_0_4936.jpeg,Final\weed\data\agri_0_4936_mask.png
Weed\dataset\images\train\agri_0_7517.jpeg,Final\weed\data\agri_0_7517_mask.png
Weed\dataset\images\val\agri_0_4484.jpeg,Final\weed\data\agri_0_4484_mask.png
Weed\dataset\images\train\agri_0_9135.jpeg,Final\weed\data\agri_0_9135_mask.png
Weed\dataset\images\val\agri_0_2121.jpeg,Final\weed\data\agri_0_2121_mask.png
Weed\dataset\images\train\agri_0_3966.jpeg,Final\weed\data\agri_0_3966_mask.png
Weed\dataset\images\train\agri_0_7675.jpeg,Final\weed\data\agri_0_7675_mask.png
Weed\dataset\images\train\agri_0_9406.jpeg,Final\weed\data\agri_0_9406_mask.png
Weed\dataset\images\train\agri_0_5686.jpeg,Final\weed\data\agri_0_5686_mask.png
Weed\dataset\images\train\agri_0_4316.jpeg,Final\weed\data\agri_0_4316_mask.png
Weed\dataset\images\train\agri_0_2469.jpeg,Final\weed\data\agri_0_2469_mask.png
Weed\dataset\images\val\agri_0_5352.jpeg,Final\weed\data\agri_0_5352_mask.png
Weed\dataset\images\train\agri_0_2082.jpeg,Final\weed\data\agri_0_2082_mask.png
Weed\dataset\images\train\agri_0_6268.jpeg,Final\weed\data\agri_0_6268_mask.png
Weed\dataset\images\train\agri_0_7869.jpeg,Final\weed\data\agri_0_7869_mask.png
Weed\dataset\images\train\agri_0_2530.jpeg,Final\weed\data\agri_0_2530_mask.png
Weed\dataset\images\val\agri_0_7204.jpeg,Final\weed\data\agri_0_7204_mask.png
Weed\dataset\images\val\agri_0_3129.jpeg,Final\weed\data\agri_0_3129_mask.png
Weed\dataset\images\train\agri_0_3229.jpeg,Final\weed\data\agri_0_3229_mask.png
Weed\dataset\images\train\agri_0_9161.jpeg,Final\weed\data\agri_0_9161_mask.png
Weed\dataset\images\val\agri_0_3958.jpeg,Final\weed\data\agri_0_3958_mask.png
Weed\dataset\images\train\agri_0_1926.jpeg,Final\weed\data\agri_0_1926_mask.png
Weed\dataset\images\val\agri_0_2550.jpeg,Final\weed\data\agri_0_2550_mask.png
Weed\dataset\images\train\agri_0_683.jpeg,Final\weed\data\agri_0_683_mask.png
Weed\dataset\images\val\agri_0_2876.jpeg,Final\weed\data\agri_0_2876_mask.png
Weed\dataset\images\train\agri_0_9488.jpeg,Final\weed\data\agri_0_9488_mask.png
Weed\dataset\images\val\agri_0_9425.jpeg,Final\weed\data\agri_0_9425_mask.png
Weed\dataset\images\test\agri_0_3856.jpeg,Final\weed\data\agri_0_3856_mask.png
Weed\dataset\images\train\agri_0_6993.jpeg,Final\weed\data\agri_0_6993_mask.png
Weed\dataset\images\train\agri_0_2686.jpeg,Final\weed\data\agri_0_2686_mask.png
Weed\dataset\images\train\agri_0_5593.jpeg,Final\weed\data\agri_0_5593_mask.png
Weed\dataset\images\train\agri_0_1017.jpeg,Final\weed\data\agri_0_1017_mask.png
Weed\dataset\images\val\agri_0_1859.jpeg,Final\weed\data\agri_0_1859_mask.png
Weed\dataset\images\train\agri_0_5939.jpeg,Final\weed\data\agri_0_5939_mask.png
Weed\dataset\images\train\agri_0_9526.jpeg,Final\weed\data\agri_0_9526_mask.png
Weed\dataset\images\val\agri_0_7658.jpeg,Final\weed\data\agri_0_7658_mask.png
Weed\dataset\images\val\agri_0_8956.jpeg,Final\weed\data\agri_0_8956_mask.png
Weed\dataset\images\train\agri_0_9127.jpeg,Final\weed\data\agri_0_9127_mask.png
Weed\dataset\images\train\agri_0_4164.jpeg,Final\weed\data\agri_0_4164_mask.png
Weed\dataset\images\val\agri_0_8886.jpeg,Final\weed\data\agri_0_8886_mask.png
Weed\dataset\images\train\agri_0_5706.jpeg,Final\weed\data\agri_0_5706_mask.png
Weed\dataset\images\train\agri_0_9206.jpeg,Final\weed\data\agri_0_9206_mask.png
Weed\dataset\images\train\agri_0_3394.jpeg,Final\weed\data\agri_0_3394_mask.png
Weed\dataset\images\val\agri_0_5625.jpeg,Final\weed\data\agri_0_5625_mask.png
Weed\dataset\images\val\agri_0_60.jpeg,Final\weed\data\agri_0_60_mask.png
Weed\dataset\images\train\agri_0_7838.jpeg,Final\weed\data\agri_0_7838_mask.png
Weed\dataset\images\val\agri_0_550.jpeg,Final\weed\data\agri_0_550_mask.png
Weed\dataset\images\train\agri_0_5521.jpeg,Final\weed\data\agri_0_5521_mask.png
Weed\dataset\images\train\agri_0_9770.jpeg,Final\weed\data\agri_0_9770_mask.png
Weed\dataset\images\train\agri_0_9266.jpeg,Final\weed\data\agri_0_9266_mask.png
Weed\dataset\images\train\agri_0_6547.jpeg,Final\weed\data\agri_0_6547_mask.png
Weed\dataset\images\train\agri_0_5615.jpeg,Final\weed\data\agri_0_5615_mask.png
Weed\dataset\images\train\agri_0_8094.jpeg,Final\weed\data\agri_0_8094_mask.png
Weed\dataset\images\train\agri_0_495.jpeg,Final\weed\data\agri_0_495_mask.png
Weed\dataset\images\train\agri_0_5819.jpeg,Final\weed\data\agri_0_5819_mask.png
Weed\dataset\images\train\agri_0_5121.jpeg,Final\weed\data\agri_0_5121_mask.png
Weed\dataset\images\val\agri_0_8733.jpeg,Final\weed\data\agri_0_8733_mask.png
Weed\dataset\images\train\agri_0_4702.jpeg,Final\weed\data\agri_0_4702_mask.png
Weed\dataset\images\train\agri_0_840.jpeg,Final\weed\data\agri_0_840_mask.png
Weed\dataset\images\val\agri_0_4846.jpeg,Final\weed\data\agri_0_4846_mask.png
Weed\dataset\images\train\agri_0_6225.jpeg,Final\weed\data\agri_0_6225_mask.png
Weed\dataset\images\train\agri_0_9279.jpeg,Final\weed\data\agri_0_9279_mask.png
Weed\dataset\images\train\agri_0_4455.jpeg,Final\weed\data\agri_0_4455_mask.png
Weed\dataset\images\val\agri_0_177.jpeg,Final\weed\data\agri_0_177_mask.png
Weed\dataset\images\train\agri_0_8126.jpeg,Final\weed\data\agri_0_8126_mask.png
Weed\dataset\images\train\agri_0_4994.jpeg,Final\weed\data\agri_0_4994_mask.png
Weed\dataset\images\val\agri_0_6182.jpeg,Final\weed\data\agri_0_6182_mask.png
Weed\dataset\images\train\agri_0_7079.jpeg,Final\weed\data\agri_0_7079_mask.png
Weed\dataset\images\train\agri_0_725.jpeg,Final\weed\data\agri_0_725_mask.png
Weed\dataset\images\train\agri_0_8246.jpeg,Final\weed\data\agri_0_8246_mask.png
Weed\dataset\images\train\agri_0_2595.jpeg,Final\weed\data\agri_0_2595_mask.png
Weed\dataset\images\train\agri_0_3913.jpeg,Final\weed\data\agri_0_3913_mask.png
Weed\dataset\images\train\agri_0_6540.jpeg,Final\weed\data\agri_0_6540_mask.png
Weed\dataset\images\val\agri_0_7123.jpeg,Final\weed\data\agri_0_7123_mask.png
Weed\dataset\images\train\agri_0_3944.jpeg,Final\weed\data\agri_0_3944_mask.png
Weed\dataset\images\val\agri_0_6346.jpeg,Final\weed\data\agri_0_6346_mask.png
Weed\dataset\images\train\agri_0_9220.jpeg,Final\weed\data\agri_0_9220_mask.png
Weed\dataset\images\train\agri_0_8163.jpeg,Final\weed\data\agri_0_8163_mask.png
Weed\dataset\images\train\agri_0_5597.jpeg,Final\weed\data\agri_0_5597_mask.png
Weed\dataset\images\train\agri_0_5366.jpeg,Final\weed\data\agri_0_5366_mask.png
Weed\dataset\images\train\agri_0_7734.jpeg,Final\weed\data\agri_0_7734_mask.png
Weed\dataset\images\train\agri_0_6092.jpeg,Final\weed\data\agri_0_6092_mask.png
Weed\dataset\images\train\agri_0_5822.jpeg,Final\weed\data\agri_0_5822_mask.png
Weed\dataset\images\train\agri_0_1784.jpeg,Final\weed\data\agri_0_1784_mask.png
Weed\dataset\images\train\agri_0_6642.jpeg,Final\weed\data\agri_0_6642_mask.png
Weed\dataset\images\train\agri_0_3989.jpeg,Final\weed\data\agri_0_3989_mask.png
Weed\dataset\images\train\agri_0_456.jpeg,Final\weed\data\agri_0_456_mask.png
Weed\dataset\images\train\agri_0_8485.jpeg,Final\weed\data\agri_0_8485_mask.png
Weed\dataset\images\train\agri_0_839.jpeg,Final\weed\data\agri_0_839_mask.png
Weed\dataset\images\train\agri_0_752.jpeg,Final\weed\data\agri_0_752_mask.png
Weed\dataset\images\train\agri_0_6440.jpeg,Final\weed\data\agri_0_6440_mask.png
Weed\dataset\images\train\agri_0_2547.jpeg,Final\weed\data\agri_0_2547_mask.png
Weed\dataset\images\train\agri_0_1988.jpeg,Final\weed\data\agri_0_1988_mask.png
Weed\dataset\images\train\agri_0_8341.jpeg,Final\weed\data\agri_0_8341_mask.png
Weed\dataset\images\train\agri_0_1221.jpeg,Final\weed\data\agri_0_1221_mask.png
Weed\dataset\images\train\agri_0_8107.jpeg,Final\weed\data\agri_0_8107_mask.png
Weed\dataset\images\val\agri_0_2751.jpeg,Final\weed\data\agri_0_2751_mask.png
Weed\dataset\images\test\agri_0_3805.jpeg,Final\weed\data\agri_0_3805_mask.png
Weed\dataset\images\train\agri_0_3200.jpeg,Final\weed\data\agri_0_3200_mask.png
Weed\dataset\images\train\agri_0_4016.jpeg,Final\weed\data\agri_0_4016_mask.png
Weed\dataset\images\train\agri_0_3900.jpeg,Final\weed\data\agri_0_3900_mask.png
Weed\dataset\images\train\agri_0_5225.jpeg,Final\weed\data\agri_0_5225_mask.png
Weed\dataset\images\train\agri_0_9062.jpeg,Final\weed\data\agri_0_9062_mask.png
Weed\dataset\images\val\agri_0_8599.jpeg,Final\weed\data\agri_0_8599_mask.png
Weed\dataset\images\train\agri_0_5622.jpeg,Final\weed\data\agri_0_5622_mask.png
Weed\dataset\images\train\agri_0_8995.jpeg,Final\weed\data\agri_0_8995_mask.png
Weed\dataset\images\train\agri_0_4684.jpeg,Final\weed\data\agri_0_4684_mask.png
Weed\dataset\images\val\agri_0_1494.jpeg,Final\weed\data\agri_0_1494_mask.png
Weed\dataset\images\train\agri_0_1094.jpeg,Final\weed\data\agri_0_1094_mask.png
Weed\dataset\images\val\agri_0_9153.jpeg,Final\weed\data\agri_0_9153_mask.png
Weed\dataset\images\train\agri_0_8421.jpeg,Final\weed\data\agri_0_8421_mask.png
Weed\dataset\images\train\agri_0_4508.jpeg,Final\weed\data\agri_0_4508_mask.png
Weed\dataset\images\val\agri_0_3807.jpeg,Final\weed\data\agri_0_3807_mask.png
Weed\dataset\images\train\agri_0_2471.jpeg,Final\weed\data\agri_0_2471_mask.png
Weed\dataset\images\train\agri_0_6326.jpeg,Final\weed\data\agri_0_6326_mask.png
Weed\dataset\images\train\agri_0_2675.jpeg,Final\weed\data\agri_0_2675_mask.png
Weed\dataset\images\train\agri_0_6523.jpeg,Final\weed\data\agri_0_6523_mask.png
Weed\dataset\images\val\agri_0_8516.jpeg,Final\weed\data\agri_0_8516_mask.png
Weed\dataset\images\train\agri_0_7162.jpeg,Final\weed\data\agri_0_7162_mask.png
Weed\dataset\images\train\agri_0_3534.jpeg,Final\weed\data\agri_0_3534_mask.png
Weed\dataset\images\train\agri_0_6040.jpeg,Final\weed\data\agri_0_6040_mask.png
Weed\dataset\images\train\agri_0_3231.jpeg,Final\weed\data\agri_0_3231_mask.png
Weed\dataset\images\train\agri_0_8105.jpeg,Final\weed\data\agri_0_8105_mask.png
Weed\dataset\images\test\agri_0_4265.jpeg,Final\weed\data\agri_0_4265_mask.png
Weed\dataset\images\train\agri_0_6701.jpeg,Final\weed\data\agri_0_6701_mask.png
Weed\dataset\images\train\agri_0_3057.jpeg,Final\weed\data\agri_0_3057_mask.png
Weed\dataset\images\val\agri_0_7977.jpeg,Final\weed\data\agri_0_7977_mask.png
Weed\dataset\images\val\agri_0_2549.jpeg,Final\weed\data\agri_0_2549_mask.png
Weed\dataset\images\val\agri_0_2256.jpeg,Final\weed\data\agri_0_2256_mask.png
Weed\dataset\images\train\agri_0_6110.jpeg,Final\weed\data\agri_0_6110_mask.png
Weed\dataset\images\val\agri_0_3964.jpeg,Final\weed\data\agri_0_3964_mask.png
Weed\dataset\images\val\agri_0_596.jpeg,Final\weed\data\agri_0_596_mask.png
Weed\dataset\images\train\agri_0_8842.jpeg,Final\weed\data\agri_0_8842_mask.png
Weed\dataset\images\train\agri_0_5017.jpeg,Final\weed\data\agri_0_5017_mask.png
Weed\dataset\images\train\agri_0_8140.jpeg,Final\weed\data\agri_0_8140_mask.png
Weed\dataset\images\train\agri_0_815.jpeg,Final\weed\data\agri_0_815_mask.png
Weed\dataset\images\train\agri_0_8700.jpeg,Final\weed\data\agri_0_8700_mask.png
Weed\dataset\images\train\agri_0_2582.jpeg,Final\weed\data\agri_0_2582_mask.png
Weed\dataset\images\train\agri_0_1198.jpeg,Final\weed\data\agri_0_1198_mask.png
Weed\dataset\images\train\agri_0_6411.jpeg,Final\weed\data\agri_0_6411_mask.png
Weed\dataset\images\train\agri_0_4617.jpeg,Final\weed\data\agri_0_4617_mask.png
Weed\dataset\images\train\agri_0_9861.jpeg,Final\weed\data\agri_0_9861_mask.png
Weed\dataset\images\train\agri_0_1722.jpeg,Final\weed\data\agri_0_1722_mask.png
Weed\dataset\images\train\agri_0_7288.jpeg,Final\weed\data\agri_0_7288_mask.png
Weed\dataset\images\train\agri_0_5006.jpeg,Final\weed\data\agri_0_5006_mask.png
Weed\dataset\images\train\agri_0_6412.jpeg,Final\weed\data\agri_0_6412_mask.png
Weed\dataset\images\train\agri_0_2835.jpeg,Final\weed\data\agri_0_2835_mask.png
Weed\dataset\images\train\agri_0_1083.jpeg,Final\weed\data\agri_0_1083_mask.png
Weed\dataset\images\train\agri_0_3379.jpeg,Final\weed\data\agri_0_3379_mask.png
Weed\dataset\images\train\agri_0_5260.jpeg,Final\weed\data\agri_0_5260_mask.png
Weed\dataset\images\train\agri_0_3862.jpeg,Final\weed\data\agri_0_3862_mask.png
Weed\dataset\images\train\agri_0_2322.jpeg,Final\weed\data\agri_0_2322_mask.png
Weed\dataset\images\train\agri_0_6857.jpeg,Final\weed\data\agri_0_6857_mask.png
Weed\dataset\images\val\agri_0_1129.jpeg,Final\weed\data\agri_0_1129_mask.png
Weed\dataset\images\train\agri_0_5616.jpeg,Final\weed\data\agri_0_5616_mask.png
Weed\dataset\images\train\agri_0_9010.jpeg,Final\weed\data\agri_0_9010_mask.png
Weed\dataset\images\train\agri_0_6814.jpeg,Final\weed\data\agri_0_6814_mask.png
Weed\dataset\images\train\agri_0_4985.jpeg,Final\weed\data\agri_0_4985_mask.png
Weed\dataset\images\train\agri_0_9764.jpeg,Final\weed\data\agri_0_9764_mask.png
Weed\dataset\images\train\agri_0_5834.jpeg,Final\weed\data\agri_0_5834_mask.png
Weed\dataset\images\train\agri_0_7707.jpeg,Final\weed\data\agri_0_7707_mask.png
Weed\dataset\images\train\agri_0_2484.jpeg,Final\weed\data\agri_0_2484_mask.png
Weed\dataset\images\train\agri_0_7842.jpeg,Final\weed\data\agri_0_7842_mask.png
Weed\dataset\images\train\agri_0_5947.jpeg,Final\weed\data\agri_0_5947_mask.png
Weed\dataset\images\train\agri_0_462.jpeg,Final\weed\data\agri_0_462_mask.png
Weed\dataset\images\train\agri_0_8574.jpeg,Final\weed\data\agri_0_8574_mask.png
Weed\dataset\images\train\agri_0_437.jpeg,Final\weed\data\agri_0_437_mask.png
Weed\dataset\images\train\agri_0_7031.jpeg,Final\weed\data\agri_0_7031_mask.png
Weed\dataset\images\train\agri_0_6222.jpeg,Final\weed\data\agri_0_6222_mask.png
Weed\dataset\images\train\agri_0_2923.jpeg,Final\weed\data\agri_0_2923_mask.png
Weed\dataset\images\train\agri_0_113.jpeg,Final\weed\data\agri_0_113_mask.png
Weed\dataset\images\train\agri_0_4300.jpeg,Final\weed\data\agri_0_4300_mask.png
Weed\dataset\images\train\agri_0_9179.jpeg,Final\weed\data\agri_0_9179_mask.png
Weed\dataset\images\train\agri_0_3093.jpeg,Final\weed\data\agri_0_3093_mask.png
Weed\dataset\images\train\agri_0_7681.jpeg,Final\weed\data\agri_0_7681_mask.png
Weed\dataset\images\train\agri_0_9385.jpeg,Final\weed\data\agri_0_9385_mask.png
Weed\dataset\images\train\agri_0_3858.jpeg,Final\weed\data\agri_0_3858_mask.png
Weed\dataset\images\train\agri_0_6643.jpeg,Final\weed\data\agri_0_6643_mask.png
Weed\dataset\images\train\agri_0_3569.jpeg,Final\weed\data\agri_0_3569_mask.png
Weed\dataset\images\train\agri_0_6355.jpeg,Final\weed\data\agri_0_6355_mask.png
Weed\dataset\images\val\agri_0_1960.jpeg,Final\weed\data\agri_0_1960_mask.png
Weed\dataset\images\train\agri_0_7135.jpeg,Final\weed\data\agri_0_7135_mask.png
Weed\dataset\images\train\agri_0_8815.jpeg,Final\weed\data\agri_0_8815_mask.png
Weed\dataset\images\train\agri_0_1692.jpeg,Final\weed\data\agri_0_1692_mask.png
Weed\dataset\images\train\agri_0_3480.jpeg,Final\weed\data\agri_0_3480_mask.png
Weed\dataset\images\train\agri_0_9498.jpeg,Final\weed\data\agri_0_9498_mask.png
Weed\dataset\images\train\agri_0_4333.jpeg,Final\weed\data\agri_0_4333_mask.png
Weed\dataset\images\train\agri_0_1909.jpeg,Final\weed\data\agri_0_1909_mask.png
Weed\dataset\images\train\agri_0_8297.jpeg,Final\weed\data\agri_0_8297_mask.png
Weed\dataset\images\train\agri_0_8654.jpeg,Final\weed\data\agri_0_8654_mask.png
Weed\dataset\images\train\agri_0_8848.jpeg,Final\weed\data\agri_0_8848_mask.png
Weed\dataset\images\train\agri_0_9927.jpeg,Final\weed\data\agri_0_9927_mask.png
Weed\dataset\images\train\agri_0_7055.jpeg,Final\weed\data\agri_0_7055_mask.png
Weed\dataset\images\train\agri_0_8830.jpeg,Final\weed\data\agri_0_8830_mask.png
